id,company_id,year,operating_activity,investing_activity,financing_activity,net_cash_flow
37,TCS,Mar-13,11615,-6038,-5729,-152
38,TCS,Mar-14,14751,-9452,-5673,-374
39,TCS,Mar-15,19369,-1807,-17168,394
40,TCS,Mar-16,19109,-5010,-9666,4433
41,TCS,Mar-17,25223,-16895,-11026,-2698
42,TCS,Mar-18,25067,3104,-26885,1286
43,TCS,Mar-19,28593,1645,-27897,2341
44,TCS,Mar-20,32369,8968,-39915,1422
45,TCS,Mar-21,38802,-7956,-32634,-1788
46,TCS,Mar-22,39949,-738,-33581,5630
47,TCS,Mar-23,41965,548,-47878,-5365
48,TCS,Mar-24,44338,6091,-48536,1893
61,ABB,Dec 2012,101,-59,-42,1
62,ABB,Mar 2014,155,-144,-42,-31
63,ABB,Mar 2015,215,-187,-58,-30
64,ABB,Mar 2016,249,-77,-80,91
65,ABB,Mar 2017,307,-155,-90,62
66,ABB,Mar 2018,153,-215,-102,-165
67,ABB,Mar 2019,499,-257,-143,99
68,ABB,Mar 2020,626,-401,-217,8
69,ABB,Mar 2021,727,-72,-582,73
70,ABB,Mar 2022,948,-396,-637,-86
71,ABB,Mar 2023,893,-148,-639,107
72,ABB,Mar 2024,1213,-416,-745,52
73,ABB,Mar 2014,0,0,0,0
74,ABB,Mar 2015,-35,-1864,1902,3
75,ABB,Mar 2016,1544,-816,-722,6
76,ABB,Mar 2017,2189,-1730,-455,4
77,ABB,Mar 2018,2198,-3192,1589,596
78,ABB,Mar 2019,2591,-3050,38,-421
79,ABB,Mar 2020,5437,-5643,1250,1045
80,ABB,Mar 2021,3784,-4009,-745,-969
81,ABB,Mar 2022,4097,-3936,-235,-75
82,ABB,Mar 2023,3777,-4699,923,2
83,ABB,Mar 2024,6038,-4943,-543,551
84,ADANIENSOL,Mar 2014,0,0,0,0
85,ADANIENSOL,Mar 2015,-35,-1864,1902,3
86,ADANIENSOL,Mar 2016,1544,-816,-722,6
87,ADANIENSOL,Mar 2017,2189,-1730,-455,4
88,ADANIENSOL,Mar 2018,2198,-3192,1589,596
89,ADANIENSOL,Mar 2019,2591,-3050,38,-421
90,ADANIENSOL,Mar 2020,5437,-5643,1250,1045
91,ADANIENSOL,Mar 2021,3784,-4009,-745,-969
92,ADANIENSOL,Mar 2022,4097,-3936,-235,-75
93,ADANIENSOL,Mar 2023,3777,-4699,923,2
94,ADANIENSOL,Mar 2024,6038,-4943,-543,551
95,ADANIENT,Mar 2013,7666,-14790,7199,75
96,ADANIENT,Mar 2014,8228,-8007,-1109,-888
97,ADANIENT,Mar 2015,8532,-11465,3445,512
98,ADANIENT,Mar 2016,5112,-1825,-3448,-161
99,ADANIENT,Mar 2017,774,-1460,716,30
100,ADANIENT,Mar 2018,2942,-7649,5120,413
101,ADANIENT,Mar 2019,3236,2487,-6158,-436
102,ADANIENT,Mar 2020,2454,-1082,-221,1151
103,ADANIENT,Mar 2021,4043,-8611,3109,-1459
104,ADANIENT,Mar 2022,1385,-17041,15901,246
105,ADANIENT,Mar 2023,17626,-15459,-1198,970
106,ADANIENT,Mar 2024,10312,-18767,8879,424
107,ADANIGREEN,Mar 2017,28,-1511,1559,76
108,ADANIGREEN,Mar 2018,649,-4428,3942,162
109,ADANIGREEN,Mar 2019,1625,-2666,1045,3
110,ADANIGREEN,Mar 2020,1965,-3743,2161,383
111,ADANIGREEN,Mar 2021,1601,-9137,7083,-453
112,ADANIGREEN,Mar 2022,3127,-18730,15986,383
113,ADANIGREEN,Mar 2023,7265,-3857,-2973,435
114,ADANIGREEN,Mar 2024,7713,-21060,13953,606
115,ADANIPORTS,Mar 2013,1379,-5136,4138,381
116,ADANIPORTS,Mar 2014,1132,-2510,772,-606
117,ADANIPORTS,Mar 2015,3057,-2485,-237,335
118,ADANIPORTS,Mar 2016,2381,-4153,2170,398
119,ADANIPORTS,Mar 2017,4063,-2629,-1325,109
120,ADANIPORTS,Mar 2018,5608,-3846,-1889,-127
121,ADANIPORTS,Mar 2019,6029,-4368,2313,3975
122,ADANIPORTS,Mar 2020,7402,-749,-4256,2397
123,ADANIPORTS,Mar 2021,7556,-14064,3514,-2994
124,ADANIPORTS,Mar 2022,10420,-5493,-586,4341
125,ADANIPORTS,Mar 2023,11900,-16716,-2734,-7550
126,ADANIPORTS,Mar 2024,15018,-6768,-7800,450
127,ADANIPOWER,Mar 2013,3001,-4064,861,-203
128,ADANIPOWER,Mar 2014,3238,-4700,1631,169
129,ADANIPOWER,Mar 2015,5824,-4737,-1144,-58
130,ADANIPOWER,Mar 2016,5257,-2692,-2713,-148
131,ADANIPOWER,Mar 2017,4725,-1212,-3539,-26
132,ADANIPOWER,Mar 2018,5101,-520,-4600,-19
133,ADANIPOWER,Mar 2019,5610,-984,-4663,-37
134,ADANIPOWER,Mar 2020,5598,-2304,-2377,917
135,ADANIPOWER,Mar 2021,7014,-2188,-5655,-828
136,ADANIPOWER,Mar 2022,10233,774,-10338,669
137,ADANIPOWER,Mar 2023,8431,1545,-10408,-433
138,ADANIPOWER,Mar 2024,14170,3481,-16864,787
139,AMBUJACEM,Dec 2012,1860,-388,-509,962
140,AMBUJACEM,Dec 2013,1267,-496,-672,99
141,AMBUJACEM,Dec 2014,1675,-456,-721,498
142,AMBUJACEM,Dec 2015,1557,-83,-900,574
143,AMBUJACEM,Dec 2016,2810,-4165,-958,-2312
144,AMBUJACEM,Dec 2017,3416,-738,-1015,1663
145,AMBUJACEM,Dec 2018,1703,-765,-719,220
146,AMBUJACEM,Dec 2019,4739,-1191,-629,2919
147,AMBUJACEM,Dec 2020,4832,-1317,-3956,-441
148,AMBUJACEM,Dec 2021,5309,-2007,-516,2786
149,AMBUJACEM,Mar 2023,735,-14481,2931,-10815
150,AMBUJACEM,Mar 2024,5646,-8941,5689,2394
151,APOLLOHOSP,Mar 2013,443,-733,373,83
152,APOLLOHOSP,Mar 2014,373,-356,-63,-46
153,APOLLOHOSP,Mar 2015,470,-759,392,103
154,APOLLOHOSP,Mar 2016,597,-888,330,39
155,APOLLOHOSP,Mar 2017,623,-1152,477,-52
156,APOLLOHOSP,Mar 2018,537,-405,-108,24
157,APOLLOHOSP,Mar 2019,905,-711,-215,-20
158,APOLLOHOSP,Mar 2020,1293,-289,-910,94
159,APOLLOHOSP,Mar 2021,1265,-880,-340,44
160,APOLLOHOSP,Mar 2022,1696,-747,-792,158
161,APOLLOHOSP,Mar 2023,1377,-857,-633,-113
162,APOLLOHOSP,Mar 2024,1920,-1537,-311,72
163,ASIANPAINT,Mar 2013,1187,-463,-601,123
164,ASIANPAINT,Mar 2014,1402,-586,-626,190
165,ASIANPAINT,Mar 2015,1188,-465,-576,147
166,ASIANPAINT,Mar 2016,2243,-866,-849,528
167,ASIANPAINT,Mar 2017,1527,-681,-756,90
168,ASIANPAINT,Mar 2018,2113,-1556,-1379,-822
169,ASIANPAINT,Mar 2019,2470,-918,-1117,434
170,ASIANPAINT,Mar 2020,3038,-518,-2871,-351
171,ASIANPAINT,Mar 2021,3683,-541,-650,2492
172,ASIANPAINT,Mar 2022,986,-317,-1808,-1138
173,ASIANPAINT,Mar 2023,4193,-1282,-2140,771
174,ASIANPAINT,Mar 2024,6104,-2548,-2982,573
189,AGTL,Mar 2018,277,-988,779,68
190,AGTL,Mar 2019,356,791,-1077,70
191,AGTL,Mar 2020,492,-461,-102,-71
192,AGTL,Mar 2021,654,-770,39,-78
193,AGTL,Mar 2022,732,-1133,422,21
194,AGTL,Mar 2023,853,-1167,295,-19
195,AGTL,Mar 2024,955,-752,-78,125
196,AXISBANK,Mar 2013,2573,-10939,14931,6566
197,AXISBANK,Mar 2014,14464,-14166,7785,8082
198,AXISBANK,Mar 2015,-15162,-7972,31045,7910
199,AXISBANK,Mar 2016,-34495,9211,22495,-2789
200,AXISBANK,Mar 2017,32209,-12458,-2487,17263
201,AXISBANK,Mar 2018,-38390,-10007,41342,-7055
202,AXISBANK,Mar 2019,37125,-18674,5643,24094
203,AXISBANK,Mar 2020,30416,-9485,8865,29795
204,AXISBANK,Mar 2021,12633,-54288,7279,-34375
205,AXISBANK,Mar 2022,28137,-27112,47894,48919
206,AXISBANK,Mar 2023,22075,-32351,6641,-3636
207,AXISBANK,Mar 2024,-5555,-9001,22341,7785
208,BAJAJ-AUTO,Mar 2013,2218,-1394,-1445,-621
209,BAJAJ-AUTO,Mar 2014,3502,-2072,-1496,-66
210,BAJAJ-AUTO,Mar 2015,2114,-380,-1644,90
211,BAJAJ-AUTO,Mar 2016,3690,-68,-3384,238
212,BAJAJ-AUTO,Mar 2017,3267,-3610,-190,-532
213,BAJAJ-AUTO,Mar 2018,4328,-1954,-1885,488
214,BAJAJ-AUTO,Mar 2019,2487,-273,-2074,140
215,BAJAJ-AUTO,Mar 2020,3850,1766,-6247,-630
216,BAJAJ-AUTO,Mar 2021,3120,-2869,-20,231
217,BAJAJ-AUTO,Mar 2022,4197,276,-4056,417
218,BAJAJ-AUTO,Mar 2023,5277,1211,-7181,-692
219,BAJAJ-AUTO,Mar 2024,6558,-72,-6167,319
220,BAJAJ-AUTO,Mar 2013,2218,-1394,-1445,-621
221,BAJAJ-AUTO,Mar 2014,3502,-2072,-1496,-66
222,BAJAJ-AUTO,Mar 2015,2114,-380,-1644,90
223,BAJAJ-AUTO,Mar 2016,3690,-68,-3384,238
224,BAJAJ-AUTO,Mar 2017,3267,-3610,-190,-532
225,BAJAJ-AUTO,Mar 2018,4328,-1954,-1885,488
226,BAJAJ-AUTO,Mar 2019,2487,-273,-2074,140
227,BAJAJ-AUTO,Mar 2020,3850,1766,-6247,-630
228,BAJAJ-AUTO,Mar 2021,3120,-2869,-20,231
229,BAJAJ-AUTO,Mar 2022,4197,276,-4056,417
230,BAJAJ-AUTO,Mar 2023,5277,1211,-7181,-692
231,BAJAJ-AUTO,Mar 2024,6558,-72,-6167,319
232,BAJAJFINSV,Mar 2013,-6922,2953,4592,623
233,BAJAJFINSV,Mar 2014,-9807,3764,6521,478
234,BAJAJFINSV,Mar 2015,-10731,3709,6839,-183
235,BAJAJFINSV,Mar 2016,-9795,-886,11602,921
236,BAJAJFINSV,Mar 2017,-10922,151,12513,1742
237,BAJAJFINSV,Mar 2018,-19580,-922,19590,-911
238,BAJAJFINSV,Mar 2019,-27076,-6903,34535,555
239,BAJAJFINSV,Mar 2020,-23369,-9948,34479,1162
240,BAJAJFINSV,Mar 2021,4547,-3684,1687,2551
241,BAJAJFINSV,Mar 2022,-33670,1445,32326,101
242,BAJAJFINSV,Mar 2023,-39480,-13945,51016,-2409
243,BAJAJFINSV,Mar 2024,-68674,-10960,82709,3075
244,BAJAJHLDNG,Mar 2013,473,-369,-332,-228
245,BAJAJHLDNG,Mar 2014,872,-519,-326,27
246,BAJAJHLDNG,Mar 2015,796,-464,-391,-59
247,BAJAJHLDNG,Mar 2016,1147,1019,-761,1406
248,BAJAJHLDNG,Mar 2017,-923,-372,-110,-1406
249,BAJAJHLDNG,Mar 2018,1631,-1123,-434,74
250,BAJAJHLDNG,Mar 2019,628,-163,-536,-72
251,BAJAJHLDNG,Mar 2020,1920,-800,-1028,92
252,BAJAJHLDNG,Mar 2021,272,-308,-37,-73
253,BAJAJHLDNG,Mar 2022,1610,-151,-1460,-1
254,BAJAJHLDNG,Mar 2023,1728,-137,-1587,4
255,BAJAJHLDNG,Mar 2024,1941,-472,-1455,14
256,BAJFINANCE,Mar 2015,-7064,-360,6867,-557
257,BAJFINANCE,Mar 2016,-9870,-687,11656,1100
258,BAJFINANCE,Mar 2017,-10439,-3047,12513,-972
259,BAJFINANCE,Mar 2018,-20566,1075,19503,13
260,BAJFINANCE,Mar 2019,-29062,-5379,34449,9
261,BAJFINANCE,Mar 2020,-24412,-8758,34167,998
262,BAJFINANCE,Mar 2021,-807,-429,1741,505
263,BAJFINANCE,Mar 2022,-37090,6347,32275,1532
264,BAJFINANCE,Mar 2023,-42112,-10394,50675,-1831
265,BAJFINANCE,Mar 2024,-72760,-7171,82415,2484
266,BANKBARODA,Mar 2013,23196,-514,-790,21892
267,BANKBARODA,Mar 2014,42233,-730,5151,46654
268,BANKBARODA,Mar 2015,17838,-556,-6,17276
269,BANKBARODA,Mar 2016,-10011,-4005,-616,-14632
270,BANKBARODA,Mar 2017,17865,-551,-198,17116
271,BANKBARODA,Mar 2018,-59692,-414,3413,-56692
272,BANKBARODA,Mar 2019,-1449,-2537,4449,462
273,BANKBARODA,Mar 2020,18531,-139,14729,33120
274,BANKBARODA,Mar 2021,-887,-471,-986,-2344
275,BANKBARODA,Mar 2022,6210,-3645,-998,1567
276,BANKBARODA,Mar 2023,-21354,-1096,-5405,-27855
277,BANKBARODA,Mar 2024,-6274,-1285,5476,-2084
278,BEL,Mar 2013,-1539,1753,-158,56
279,BEL,Mar 2014,-569,759,-213,-23
280,BEL,Mar 2015,1434,-839,-209,386
281,BEL,Mar 2016,2260,-1470,-318,472
282,BEL,Mar 2017,-61,3115,-2857,197
283,BEL,Mar 2018,-687,-6,-1202,-1895
284,BEL,Mar 2019,1514,-896,-663,-45
285,BEL,Mar 2020,2570,-649,-1061,861
286,BEL,Mar 2021,5093,-2595,-1076,1422
287,BEL,Mar 2022,4207,-4872,-1078,-1742
288,BEL,Mar 2023,1199,2708,-1262,2645
289,BEL,Mar 2024,4659,-5924,-1475,-2739
290,BHARTIARTL,Mar 2013,22608,-18676,-4566,-634
291,BHARTIARTL,Mar 2014,26233,-25181,2774,3826
292,BHARTIARTL,Mar 2015,28059,-22301,-9672,-3914
293,BHARTIARTL,Mar 2016,27942,-14091,-11946,1905
294,BHARTIARTL,Mar 2017,28280,-30680,-351,-2752
295,BHARTIARTL,Mar 2018,29854,-27940,1920,3835
296,BHARTIARTL,Mar 2019,20070,-28286,9464,1248
297,BHARTIARTL,Mar 2020,18129,-29598,19144,7675
298,BHARTIARTL,Mar 2021,48205,-27286,-24910,-3991
299,BHARTIARTL,Mar 2022,55017,-41478,-15203,-1664
300,BHARTIARTL,Mar 2023,65325,-39232,-24470,1623
301,BHARTIARTL,Mar 2024,78898,-51089,-27778,31
302,BHEL,Mar 2013,1759,-1113,472,1118
303,BHEL,Mar 2014,4512,-868,523,4167
304,BHEL,Mar 2015,821,650,-3543,-2071
305,BHEL,Mar 2016,374,23,-122,275
306,BHEL,Mar 2017,560,-565,-468,-473
307,BHEL,Mar 2018,989,961,-667,1283
308,BHEL,Mar 2019,-3860,1919,-32,-1973
309,BHEL,Mar 2020,-2892,1877,1622,608
310,BHEL,Mar 2021,560,-42,-394,123
311,BHEL,Mar 2022,660,-1118,-329,-787
312,BHEL,Mar 2023,-741,1480,89,829
313,BHEL,Mar 2024,-3713,1331,2656,274
314,BOSCHLTD,Dec 2012,871,-824,-156,-108
315,BOSCHLTD,Dec 2013,1057,-846,-238,-27
316,BOSCHLTD,Mar 2015,1396,-1183,-237,-24
317,BOSCHLTD,Mar 2016,1318,-995,-356,-33
318,BOSCHLTD,Mar 2017,1457,1246,-2670,33
319,BOSCHLTD,Mar 2018,1729,-1170,-325,234
320,BOSCHLTD,Mar 2019,593,1766,-2531,-172
321,BOSCHLTD,Mar 2020,1336,-873,-399,64
322,BOSCHLTD,Mar 2021,835,-463,-338,34
323,BOSCHLTD,Mar 2022,271,-33,-383,-146
324,BOSCHLTD,Mar 2023,1214,262,-1239,236
325,BOSCHLTD,Mar 2024,1253,283,-1452,84
326,BPCL,Mar 2013,5926,-3604,-846,1476
327,BPCL,Mar 2014,9588,-6881,-3736,-1029
328,BPCL,Mar 2015,20742,-10536,-9792,414
329,BPCL,Mar 2016,11119,-9233,-1332,555
330,BPCL,Mar 2017,9041,-15274,4804,-1429
331,BPCL,Mar 2018,11068,-7066,-4218,-215
332,BPCL,Mar 2019,10157,-10451,207,-87
333,BPCL,Mar 2020,7881,-11135,3583,329
334,BPCL,Mar 2021,23455,-2474,-13981,7000
335,BPCL,Mar 2022,20336,-8138,-17672,-5474
336,BPCL,Mar 2023,12466,-7806,-4402,257
337,BPCL,Mar 2024,35936,-10521,-25427,-12
338,BRITANNIA,Mar 2013,320,28,-378,-30
339,BRITANNIA,Mar 2014,671,-246,-357,68
340,BRITANNIA,Mar 2015,584,-450,-181,-47
341,BRITANNIA,Mar 2016,959,-705,-246,8
342,BRITANNIA,Mar 2017,441,-150,-295,-4
343,BRITANNIA,Mar 2018,1249,-957,-232,60
344,BRITANNIA,Mar 2019,1156,-852,-353,-49
345,BRITANNIA,Mar 2020,1485,-1526,58,17
346,BRITANNIA,Mar 2021,1876,433,-2242,66
347,BRITANNIA,Mar 2022,1300,914,-2246,-32
348,BRITANNIA,Mar 2023,2526,-1507,-1028,-9
349,BRITANNIA,Mar 2024,2573,477,-2830,219
350,CANBK,Mar 2013,8010,-435,-1043,6532
351,CANBK,Mar 2014,14244,-380,-3771,10092
352,CANBK,Mar 2015,6344,-1104,-1464,3776
353,CANBK,Mar 2016,9346,-443,-806,8096
354,CANBK,Mar 2017,2575,-476,124,2224
355,CANBK,Mar 2018,-11120,-487,2865,-8743
356,CANBK,Mar 2019,18237,-745,-1185,16307
357,CANBK,Mar 2020,-5289,-445,7792,2059
358,CANBK,Mar 2021,59118,-1116,290,58291
359,CANBK,Mar 2022,919,-1429,4035,3525
360,CANBK,Mar 2023,-39978,-1156,445,-40689
361,CANBK,Mar 2024,15046,-1750,-3834,9462
362,CHOLAFIN,Mar 2013,-3754,5,4067,317
363,CHOLAFIN,Mar 2014,-2447,-83,2749,219
364,CHOLAFIN,Mar 2015,-2264,-40,1819,-485
365,CHOLAFIN,Mar 2016,-2809,-137,3031,85
366,CHOLAFIN,Mar 2017,-1468,-222,1692,2
367,CHOLAFIN,Mar 2018,-7926,-60,8009,22
368,CHOLAFIN,Mar 2019,-9317,-11,12191,2862
369,CHOLAFIN,Mar 2020,-2075,-54,2452,323
370,CHOLAFIN,Mar 2021,-8848,-1746,8707,-1888
371,CHOLAFIN,Mar 2022,-5571,1640,5150,1218
372,CHOLAFIN,Mar 2023,-27105,-2148,27466,-1787
373,CHOLAFIN,Mar 2024,-35683,-2855,38471,-66
374,CIPLA,Mar 2013,1398,-2063,718,53
375,CIPLA,Mar 2014,1563,-1265,-266,33
376,CIPLA,Mar 2015,1173,-950,165,388
377,CIPLA,Mar 2016,1741,-4533,3104,312
378,CIPLA,Mar 2017,2382,-1304,-1326,-248
379,CIPLA,Mar 2018,1463,-834,-385,243
380,CIPLA,Mar 2019,1691,-1688,-349,-345
381,CIPLA,Mar 2020,3068,114,-2949,234
382,CIPLA,Mar 2021,3755,-2374,-1240,141
383,CIPLA,Mar 2022,3326,-1858,-1600,-132
384,CIPLA,Mar 2023,3238,-2376,-958,-97
385,CIPLA,Mar 2024,4134,-2982,-1200,-49
386,COALINDIA,Mar 2013,9109,-1833,-7852,-575
387,COALINDIA,Mar 2014,14525,8580,-25350,-2246
388,COALINDIA,Mar 2015,14382,894,-15026,250
389,COALINDIA,Mar 2016,13154,8154,-19587,1721
390,COALINDIA,Mar 2017,16461,455,-17598,-682
391,COALINDIA,Mar 2018,21115,-7747,-13564,-196
392,COALINDIA,Mar 2019,16356,-7896,-10885,-2426
393,COALINDIA,Mar 2020,4977,1033,-4791,1219
394,COALINDIA,Mar 2021,10592,182,-8453,2321
395,COALINDIA,Mar 2022,41107,-25715,-13441,1951
396,COALINDIA,Mar 2023,35734,-23465,-13704,-1436
397,COALINDIA,Mar 2024,18103,-4486,-13899,-282
398,DABUR,Mar 2013,870,-622,-234,13
399,DABUR,Mar 2014,1098,-104,-804,190
400,DABUR,Mar 2015,1047,-876,-417,-245
401,DABUR,Mar 2016,1187,-730,-374,82
402,DABUR,Mar 2017,1227,-807,-339,81
403,DABUR,Mar 2018,1092,-541,-577,-27
404,DABUR,Mar 2019,1499,338,-1888,-51
405,DABUR,Mar 2020,1614,-517,-1043,54
406,DABUR,Mar 2021,2115,-1404,-613,97
407,DABUR,Mar 2022,1802,-1273,-490,38
408,DABUR,Mar 2023,1488,-583,-1035,-130
409,DABUR,Mar 2024,2013,-971,-1161,-119
410,DIVISLAB,Mar 2013,480,-255,-231,-5
411,DIVISLAB,Mar 2014,557,-305,-248,3
412,DIVISLAB,Mar 2015,826,-521,-303,3
413,DIVISLAB,Mar 2016,1038,-406,-631,0
414,DIVISLAB,Mar 2017,1150,-1140,2,13
415,DIVISLAB,Mar 2018,776,-478,-314,-17
416,DIVISLAB,Mar 2019,954,-685,-246,23
417,DIVISLAB,Mar 2020,1216,-83,-1091,41
418,DIVISLAB,Mar 2021,1947,75,-35,1987
419,DIVISLAB,Mar 2022,1912,-2195,-532,-816
420,DIVISLAB,Mar 2023,2459,-2707,-797,-1045
421,DIVISLAB,Mar 2024,1261,-269,-799,193
422,DLF,Mar 2013,2009,1995,-3951,52
423,DLF,Mar 2014,1468,3924,-4532,860
424,DLF,Mar 2015,2037,98,-1547,588
425,DLF,Mar 2016,2957,-818,-1929,210
426,DLF,Mar 2017,-898,872,787,761
427,DLF,Mar 2018,270,-2102,-232,-2064
428,DLF,Mar 2019,2043,3,875,2921
429,DLF,Mar 2020,356,6508,-9522,-2658
430,DLF,Mar 2021,1460,150,-2184,-573
431,DLF,Mar 2022,2832,267,-3828,-729
432,DLF,Mar 2023,2375,-461,-2013,-98
433,DLF,Mar 2024,2539,-1529,177,1186
434,DMART,Mar 2013,127,-231,118,14
435,DMART,Mar 2014,198,-270,65,-7
436,DMART,Mar 2015,222,-474,234,-17
437,DMART,Mar 2016,433,-633,196,-3
438,DMART,Mar 2017,455,-2482,2025,-1
439,DMART,Mar 2018,730,464,-1159,34
440,DMART,Mar 2019,807,-958,209,57
441,DMART,Mar 2020,1280,-4657,3357,-19
442,DMART,Mar 2021,1375,-1110,-180,86
443,DMART,Mar 2022,1372,-1289,-179,-96
444,DMART,Mar 2023,2630,-2313,-205,112
445,DMART,Mar 2024,2746,-2468,-148,130
446,DRREDDY,Mar 2013,1378,-1437,-157,-216
447,DRREDDY,Mar 2014,1970,-1604,-24,342
448,DRREDDY,Mar 2015,2524,-2370,-433,-280
449,DRREDDY,Mar 2016,3263,-1610,-1700,-47
450,DRREDDY,Mar 2017,2144,-1890,-369,-114
451,DRREDDY,Mar 2018,1803,-1483,-444,-124
452,DRREDDY,Mar 2019,2870,-769,-2133,-31
453,DRREDDY,Mar 2020,2984,-495,-2516,-27
454,DRREDDY,Mar 2021,3570,-2255,-30,1286
455,DRREDDY,Mar 2022,2811,-2565,-242,3
456,DRREDDY,Mar 2023,5888,-4109,-2686,-907
457,DRREDDY,Mar 2024,4543,-4034,-376,133
458,EICHERMOT,Dec 2012,496,-773,-111,-388
459,EICHERMOT,Dec 2013,716,-790,-47,-121
460,EICHERMOT,Dec 2014,1047,-1214,-162,-329
461,EICHERMOT,Mar 2016,1463,-1001,-466,-4
462,EICHERMOT,Mar 2017,1708,-1744,25,-10
463,EICHERMOT,Mar 2018,2482,-2145,-262,75
464,EICHERMOT,Mar 2019,1575,-660,-292,623
465,EICHERMOT,Mar 2020,1694,-1508,-858,-673
466,EICHERMOT,Mar 2021,1691,-1625,-15,51
467,EICHERMOT,Mar 2022,1527,-983,-593,-50
468,EICHERMOT,Mar 2023,2823,-2397,-417,8
469,EICHERMOT,Mar 2024,3724,-2834,-844,45
470,GAIL,Mar 2013,6603,-8626,3642,1618
471,GAIL,Mar 2014,4615,-4466,-3,146
472,GAIL,Mar 2015,4214,-2809,-3058,-1653
473,GAIL,Mar 2016,3960,-904,-3028,29
474,GAIL,Mar 2017,6024,-334,-5275,415
475,GAIL,Mar 2018,8769,-2660,-5252,858
476,GAIL,Mar 2019,7984,-5701,-3364,-1081
477,GAIL,Mar 2020,8345,-8299,281,328
478,GAIL,Mar 2021,8993,-4640,-3471,882
479,GAIL,Mar 2022,9420,-5490,-3917,13
480,GAIL,Mar 2023,3205,-7453,2972,-1276
481,GAIL,Mar 2024,12586,-8226,-3457,902
482,GODREJCP,Mar 2013,820,-865,282,237
483,GODREJCP,Mar 2014,1116,-494,-620,1
484,GODREJCP,Mar 2015,1027,-1236,-12,-221
485,GODREJCP,Mar 2016,847,-622,-202,23
486,GODREJCP,Mar 2017,1860,-2243,665,282
487,GODREJCP,Mar 2018,1723,-336,-1384,3
488,GODREJCP,Mar 2019,1729,274,-2039,-36
489,GODREJCP,Mar 2020,1588,-552,-1295,-259
490,GODREJCP,Mar 2021,2030,-292,-1816,-79
491,GODREJCP,Mar 2022,1451,-844,-380,227
492,GODREJCP,Mar 2023,2151,-1754,-794,-398
493,GODREJCP,Mar 2024,2070,-3435,1406,41
494,GRASIM,Mar 2013,4242,-5687,1348,-97
495,GRASIM,Mar 2014,3549,-2336,-1046,168
496,GRASIM,Mar 2015,4594,-2359,-2278,-42
497,GRASIM,Mar 2016,5868,-4515,-1365,-11
498,GRASIM,Mar 2017,7288,-3509,-3799,-20
499,GRASIM,Mar 2018,-4140,1546,3449,856
500,GRASIM,Mar 2019,-1659,-2212,4158,287
501,GRASIM,Mar 2020,16620,-11364,-3418,1838
502,GRASIM,Mar 2021,15075,-7146,-8003,-75
503,GRASIM,Mar 2022,7038,-1053,-6733,-748
504,GRASIM,Mar 2023,-12685,-13712,26469,72
505,GRASIM,Mar 2024,-10719,-23114,33908,75
506,HAL,Mar 2017,-423,3021,-164,2433
507,HAL,Mar 2018,-734,594,-2540,-2680
508,HAL,Mar 2019,-7694,5292,2321,-80
509,HAL,Mar 2020,1537,-1334,64,266
510,HAL,Mar 2021,15124,-1190,-7070,6864
511,HAL,Mar 2022,10180,-12789,-1464,-4072
512,HAL,Mar 2023,8836,-5734,-1731,1370
513,HAL,Mar 2024,8226,-6412,-1999,-185
514,HAVELLS,Mar 2013,638,-144,-252,242
515,HAVELLS,Mar 2014,868,-376,-310,183
516,HAVELLS,Mar 2015,963,-485,-754,-277
517,HAVELLS,Mar 2016,513,-121,-621,-229
518,HAVELLS,Mar 2017,767,-220,-98,450
519,HAVELLS,Mar 2018,1100,-946,-409,-255
520,HAVELLS,Mar 2019,501,185,-318,368
521,HAVELLS,Mar 2020,827,-548,-716,-437
522,HAVELLS,Mar 2021,660,-763,190,87
523,HAVELLS,Mar 2022,1728,-759,-547,421
524,HAVELLS,Mar 2023,565,31,-907,-311
525,HAVELLS,Mar 2024,1953,-1618,-534,-199
526,HCLTECH,Jun 2013,4492,-2361,-2086,44
527,HCLTECH,Jun 2014,6457,-4842,-1308,307
528,HCLTECH,Jun 2015,5539,-2088,-3140,311
529,HCLTECH,Mar 2016,3823,-2208,-2237,-623
530,HCLTECH,Mar 2017,8995,-3890,-4517,588
531,HCLTECH,Mar 2018,8328,-2236,-5714,378
532,HCLTECH,Mar 2019,8971,-3256,-1471,4244
533,HCLTECH,Mar 2020,13359,-12332,-3168,-2141
534,HCLTECH,Mar 2021,19618,-5665,-11192,2761
535,HCLTECH,Mar 2022,16900,1597,-14508,3989
536,HCLTECH,Mar 2023,18009,-3573,-15881,-1445
537,HCLTECH,Mar 2024,22448,-6608,-15464,376
538,HDFCBANK,Mar 2013,-5847,-902,13105,6356
539,HDFCBANK,Mar 2014,4211,-1099,9270,12382
540,HDFCBANK,Mar 2015,-21281,-800,18694,-3387
541,HDFCBANK,Mar 2016,-34435,-837,37815,2542
542,HDFCBANK,Mar 2017,17282,-1146,-5893,10242
543,HDFCBANK,Mar 2018,17214,-842,57378,73750
544,HDFCBANK,Mar 2019,-62872,-1503,23131,-41244
545,HDFCBANK,Mar 2020,-16869,-1403,24394,6122
546,HDFCBANK,Mar 2021,42476,-1823,-7321,33332
547,HDFCBANK,Mar 2022,-11960,-2051,48124,34113
548,HDFCBANK,Mar 2023,20814,-2992,23941,41762
549,HDFCBANK,Mar 2024,19069,16600,-3983,31687
550,HDFCLIFE,Mar 2013,,,,
551,HDFCLIFE,Mar 2014,,,,
552,HDFCLIFE,Mar 2015,4459,-3514,-168,777
553,HDFCLIFE,Mar 2016,5687,-3962,-212,1513
554,HDFCLIFE,Mar 2017,6230,-5177,-236,817
555,HDFCLIFE,Mar 2018,6739,-4421,-196,2122
556,HDFCLIFE,Mar 2019,9868,-10182,-337,-651
557,HDFCLIFE,Mar 2020,7388,-7789,38,-364
558,HDFCLIFE,Mar 2021,9703,-8952,678,1429
559,HDFCLIFE,Mar 2022,5943,-801,-238,4904
560,HDFCLIFE,Mar 2023,6883,-10071,1985,-1203
561,HDFCLIFE,Mar 2024,10721,-13614,-403,-3296
562,HEROMOTOCO,Mar 2014,2963,-1616,-1414,-66
563,HEROMOTOCO,Mar 2015,2186,31,-2131,86
564,HEROMOTOCO,Mar 2016,3722,-2300,-1475,-53
565,HEROMOTOCO,Mar 2017,4007,-1972,-2036,-1
566,HEROMOTOCO,Mar 2018,4017,-1858,-2102,57
567,HEROMOTOCO,Mar 2019,1032,1298,-2252,78
568,HEROMOTOCO,Mar 2020,5518,-2819,-2602,97
569,HEROMOTOCO,Mar 2021,4110,-2289,-1852,-31
570,HEROMOTOCO,Mar 2022,2104,-222,-1975,-94
571,HEROMOTOCO,Mar 2023,2614,-421,-2147,45
572,HEROMOTOCO,Mar 2024,4923,-1828,-2717,379
573,HINDALCO,Mar 2013,2977,-13801,10278,-545
574,HINDALCO,Mar 2014,7956,-8095,1493,1353
575,HINDALCO,Mar 2015,7143,-3873,-2437,833
576,HINDALCO,Mar 2016,11688,-3220,-8862,-394
577,HINDALCO,Mar 2017,12687,-2876,-5552,4259
578,HINDALCO,Mar 2018,10898,5333,-16412,-181
579,HINDALCO,Mar 2019,11977,-5456,-5466,1055
580,HINDALCO,Mar 2020,12745,-7227,6656,12174
581,HINDALCO,Mar 2021,17232,-25280,-4882,-12930
582,HINDALCO,Mar 2022,16838,-6773,-6765,3300
583,HINDALCO,Mar 2023,19208,-7559,-10450,1199
584,HINDALCO,Mar 2024,24056,-14267,-10817,-1028
585,HINDUNILVR,Mar 2013,3605,63,-4147,-480
586,HINDUNILVR,Mar 2014,3818,-475,-2960,383
587,HINDUNILVR,Mar 2015,3292,138,-3462,-33
588,HINDUNILVR,Mar 2016,4171,-282,-3864,25
589,HINDUNILVR,Mar 2017,5185,-1173,-4214,-202
590,HINDUNILVR,Mar 2018,6059,-1063,-4975,21
591,HINDUNILVR,Mar 2019,5800,-438,-5390,-28
592,HINDUNILVR,Mar 2020,7623,1791,-6819,2595
593,HINDUNILVR,Mar 2021,9163,-1228,-9309,-1374
594,HINDUNILVR,Mar 2022,9048,-1728,-8015,-695
595,HINDUNILVR,Mar 2023,9991,-1484,-8953,-446
596,HINDUNILVR,Mar 2024,15469,-5324,-10034,111
597,ICICIBANK,Mar 2013,17494,-18563,9283,8215
598,ICICIBANK,Mar 2014,6765,-15750,7872,-1113
599,ICICIBANK,Mar 2015,-12273,-13175,24827,-621
600,ICICIBANK,Mar 2016,23645,-12060,5814,17399
601,ICICIBANK,Mar 2017,52636,-1711,-35470,15455
602,ICICIBANK,Mar 2018,19383,-50551,39676,8508
603,ICICIBANK,Mar 2019,48671,-30282,-19997,-1608
604,ICICIBANK,Mar 2020,79565,-42095,2992,40462
605,ICICIBANK,Mar 2021,138015,-63631,-54667,19718
606,ICICIBANK,Mar 2022,58111,-39448,17451,36114
607,ICICIBANK,Mar 2023,-3771,-67689,24791,-46669
608,ICICIBANK,Mar 2024,157284,-144737,13765,26312
609,ICICIGI,Mar 2013,984,-962,102,124
610,ICICIGI,Mar 2014,595,-706,4,-108
611,ICICIGI,Mar 2015,-98,171,-93,-20
612,ICICIGI,Mar 2016,511,-310,-148,53
613,ICICIGI,Mar 2017,1628,-1990,361,-1
614,ICICIGI,Mar 2018,2390,-1896,-96,398
615,ICICIGI,Mar 2019,2976,-2856,-310,-190
616,ICICIGI,Mar 2020,3433,-3382,-420,-369
617,ICICIGI,Mar 2021,1774,-1367,-212,195
618,ICICIGI,Mar 2022,809,135,-879,65
619,ICICIGI,Mar 2023,2290,-1685,-695,-90
620,ICICIGI,Mar 2024,2407,-1921,-355,131
621,ICICIPRULI,Mar 2013,-2641,1564,-514,-1591
622,ICICIPRULI,Mar 2014,-2382,6012,-1091,2539
623,ICICIPRULI,Mar 2015,523,-1822,-966,-2264
624,ICICIPRULI,Mar 2016,3634,27,-1442,2219
625,ICICIPRULI,Mar 2017,4130,-696,-994,2439
626,ICICIPRULI,Mar 2018,5690,-5389,-1188,-887
627,ICICIPRULI,Mar 2019,11377,-7559,-843,2975
628,ICICIPRULI,Mar 2020,8596,-10797,-405,-2606
629,ICICIPRULI,Mar 2021,7314,-5084,1205,3434
630,ICICIPRULI,Mar 2022,1831,-816,-319,696
631,ICICIPRULI,Mar 2023,89,-1145,-112,-1168
632,ICICIPRULI,Mar 2024,-7315,7420,-88,17
633,INDIGO,Mar 2013,1741,-1890,36,-113
634,INDIGO,Mar 2014,1595,-2914,1285,-34
635,INDIGO,Mar 2015,2384,-940,-1308,136
636,INDIGO,Mar 2016,3116,-1337,-1220,559
637,INDIGO,Mar 2017,3782,-3033,-1401,-652
638,INDIGO,Mar 2018,3903,-4152,766,518
639,INDIGO,Mar 2019,3160,-2526,-592,42
640,INDIGO,Mar 2020,6943,-4573,-2407,-37
641,INDIGO,Mar 2021,-1620,3228,-1775,-168
642,INDIGO,Mar 2022,2064,1527,-3088,503
643,INDIGO,Mar 2023,12703,-4039,-8432,232
644,INDIGO,Mar 2024,21183,-11759,-9979,-555
645,INDUSINDBK,Mar 2013,-486,-174,1969,1309
646,INDUSINDBK,Mar 2014,-4106,-174,4200,-79
647,INDUSINDBK,Mar 2015,-1421,-276,5707,4010
648,INDUSINDBK,Mar 2016,-2927,-258,2517,-667
649,INDUSINDBK,Mar 2017,11569,-285,-2768,8516
650,INDUSINDBK,Mar 2018,-20700,-217,15505,-5412
651,INDUSINDBK,Mar 2019,-6389,-633,8590,1568
652,INDUSINDBK,Mar 2020,-12039,526,12733,1220
653,INDUSINDBK,Mar 2021,44646,-226,-4096,40324
654,INDUSINDBK,Mar 2022,16600,-351,-4302,11947
655,INDUSINDBK,Mar 2023,-12438,-441,1115,-11763
656,INDUSINDBK,Mar 2024,-16843,-625,-2242,-19710
657,INFY,Mar 2013,7373,-2922,-3210,1241
658,INFY,Mar 2014,9825,-2563,-3144,4118
659,INFY,Mar 2015,8353,999,-4935,4417
660,INFY,Mar 2016,10028,-885,-6813,2330
661,INFY,Mar 2017,11531,-14664,-6939,-10072
662,INFY,Mar 2018,13218,4533,-20505,-2754
663,INFY,Mar 2019,14841,-632,-14512,-303
664,INFY,Mar 2020,17003,-331,-17591,-919
665,INFY,Mar 2021,23224,-7373,-9786,6065
666,INFY,Mar 2022,23885,-6485,-24642,-7242
667,INFY,Mar 2023,22467,-1071,-26695,-5299
668,INFY,Mar 2024,25210,-5093,-17504,2613
669,IOC,Mar 2013,9340,-9294,352,398
670,IOC,Mar 2014,24195,-18594,-3116,2485
671,IOC,Mar 2015,46092,-10215,-38283,-2406
672,IOC,Mar 2016,25624,-13610,-11890,124
673,IOC,Mar 2017,28216,-17684,-10937,-405
674,IOC,Mar 2018,29115,-17119,-12007,-11
675,IOC,Mar 2019,12747,-22569,10436,614
676,IOC,Mar 2020,7146,-29101,22456,502
677,IOC,Mar 2021,49650,-22935,-27369,-653
678,IOC,Mar 2022,25747,-21294,-4058,395
679,IOC,Mar 2023,29644,-28030,-1794,-180
680,IOC,Mar 2024,71099,-31464,-39385,250
681,IRCTC,Mar 2015,69,-46,-17,6
682,IRCTC,Mar 2016,288,7,-31,263
683,IRCTC,Mar 2017,338,94,-136,296
684,IRCTC,Mar 2018,24,40,-57,7
685,IRCTC,Mar 2019,499,-353,-179,-33
686,IRCTC,Mar 2020,409,8,-280,137
687,IRCTC,Mar 2021,248,-453,-47,-252
688,IRCTC,Mar 2022,524,-242,-258,23
689,IRCTC,Mar 2023,812,-317,-434,61
690,IRCTC,Mar 2024,882,-215,-404,262
691,IRFC,Mar 2016,-16378,2,17582,1206
692,IRFC,Mar 2017,-19455,2,18250,-1204
693,IRFC,Mar 2018,-28076,2,28075,0
694,IRFC,Mar 2019,-41748,1,41749,3
695,IRFC,Mar 2020,-62701,1,62697,-2
696,IRFC,Mar 2021,-89907,0,90202,296
697,IRFC,Mar 2022,-64412,-5,64266,-151
698,IRFC,Mar 2023,-28588,0,28644,56
699,IRFC,Mar 2024,7914,-8,-8046,-140
700,ITC,Mar 2013,7102,-3881,-3310,-90
701,ITC,Mar 2014,7344,-3254,-4122,-32
702,ITC,Mar 2015,9843,-5275,-4661,-93
703,ITC,Mar 2016,9799,-3921,-5613,266
704,ITC,Mar 2017,10627,-3251,-7301,75
705,ITC,Mar 2018,13169,-7114,-6221,-166
706,ITC,Mar 2019,12583,-5546,-6869,169
707,ITC,Mar 2020,14690,-6174,-8181,334
708,ITC,Mar 2021,12527,5740,-18634,-367
709,ITC,Mar 2022,15776,-2238,-13580,-43
710,ITC,Mar 2023,18878,-5732,-13006,139
711,ITC,Mar 2024,17179,1563,-18551,191
712,JINDALSTEL,Mar 2013,3522,-9591,6111,43
713,JINDALSTEL,Mar 2014,4580,-12694,8879,766
714,JINDALSTEL,Mar 2015,1182,-6717,5708,173
715,JINDALSTEL,Mar 2016,4333,-2262,-2672,-601
716,JINDALSTEL,Mar 2017,6850,-1998,-5108,-256
717,JINDALSTEL,Mar 2018,7724,-1431,-6276,17
718,JINDALSTEL,Mar 2019,9027,-832,-8261,-67
719,JINDALSTEL,Mar 2020,8814,-1476,-7016,322
720,JINDALSTEL,Mar 2021,11961,-1884,-4612,5465
721,JINDALSTEL,Mar 2022,16048,-2331,-15120,-1403
722,JINDALSTEL,Mar 2023,7347,-4090,-2500,757
723,JINDALSTEL,Mar 2024,6008,-8344,1381,-955
724,JIOFIN,Mar 2023,2055,-1110,-889,56
725,JIOFIN,Mar 2024,-678,1441,-753,11
726,JSWENERGY,Mar 2013,1725,-944,-684,96
727,JSWENERGY,Mar 2014,2269,-363,-1859,48
728,JSWENERGY,Mar 2015,3394,-422,-2327,645
729,JSWENERGY,Mar 2016,3538,-3272,-1622,-1357
730,JSWENERGY,Mar 2017,3853,-762,-2595,496
731,JSWENERGY,Mar 2018,3934,-215,-3968,-249
732,JSWENERGY,Mar 2019,2491,-55,-2523,-87
733,JSWENERGY,Mar 2020,2082,301,-1962,421
734,JSWENERGY,Mar 2021,3700,-1030,-2515,155
735,JSWENERGY,Mar 2022,2952,-1387,-781,784
736,JSWENERGY,Mar 2023,2084,-6778,7327,2634
737,JSWENERGY,Mar 2024,6234,-8197,1675,-289
738,JSWSTEEL,Mar 2013,5844,-5433,-791,-380
739,JSWSTEEL,Mar 2014,2594,-5618,3300,276
740,JSWSTEEL,Mar 2015,7876,-7372,-169,334
741,JSWSTEEL,Mar 2016,6897,-3857,-3151,-111
742,JSWSTEEL,Mar 2017,7888,-5094,-2710,84
743,JSWSTEEL,Mar 2018,12379,-4529,-8185,-335
744,JSWSTEEL,Mar 2019,14633,-11387,1753,4999
745,JSWSTEEL,Mar 2020,12785,-19589,5189,-1615
746,JSWSTEEL,Mar 2021,18789,-7702,-3110,7977
747,JSWSTEEL,Mar 2022,26270,-14748,-14657,-3135
748,JSWSTEEL,Mar 2023,23323,-10730,-5977,6616
749,JSWSTEEL,Mar 2024,12078,-14467,-5005,-7394
750,KOTAKBANK,Mar 2013,2878,-9035,7099,942
751,KOTAKBANK,Mar 2014,9068,-1130,-5814,2125
752,KOTAKBANK,Mar 2015,2302,-4467,2426,260
753,KOTAKBANK,Mar 2016,5025,-2353,2024,4696
754,KOTAKBANK,Mar 2017,13222,-5289,6055,13989
755,KOTAKBANK,Mar 2018,-10392,-5475,14679,-1188
756,KOTAKBANK,Mar 2019,1822,-3323,8365,6864
757,KOTAKBANK,Mar 2020,46619,-13068,-735,32815
758,KOTAKBANK,Mar 2021,4881,-11172,-10072,-16363
759,KOTAKBANK,Mar 2022,8308,-10903,7543,4949
760,KOTAKBANK,Mar 2023,-1242,-10381,1883,-9740
761,KOTAKBANK,Mar 2024,15685,-8919,15515,22281
762,LICI,Mar 2019,13274,9636,-13700,9210
763,LICI,Mar 2020,54367,-40415,-18664,-4712
764,LICI,Mar 2021,80602,148447,-256125,-27077
765,LICI,Mar 2022,-3783,12531,0,8748
766,LICI,Mar 2023,54519,-52848,-949,722
767,LICI,Mar 2024,26122,-25269,-4427,-3574
777,LODHA,Mar 2016,387,-854,330,-137
778,LODHA,Mar 2017,1469,-1174,-312,-16
779,LODHA,Mar 2018,696,-651,24,69
780,LODHA,Mar 2019,-463,-175,736,97
781,LODHA,Mar 2020,3772,182,-4188,-234
782,LODHA,Mar 2021,2524,420,-2835,109
783,LODHA,Mar 2022,1998,1139,-2888,250
784,LODHA,Mar 2023,2750,1789,-3706,834
785,LODHA,Mar 2024,2512,-2947,951,516
786,LT,Mar 2013,-4355,-6922,11429,152
787,LT,Mar 2014,-7143,-5510,13136,483
788,LT,Mar 2015,-1365,-4778,7903,1759
789,LT,Mar 2016,-3240,-4627,7253,-613
790,LT,Mar 2017,6655,-9796,2896,-245
791,LT,Mar 2018,-10031,3914,9370,3254
792,LT,Mar 2019,-4756,-11023,15440,-338
793,LT,Mar 2020,6694,-8408,6372,4658
794,LT,Mar 2021,23074,-5750,-15274,2049
795,LT,Mar 2022,19164,-3585,-15181,397
796,LT,Mar 2023,22777,-8048,-11572,3156
797,LT,Mar 2024,18266,2179,-25413,-4968
798,LTIM,Mar 2013,608,-224,-396,-13
799,LTIM,Mar 2014,628,180,-769,40
800,LTIM,Mar 2015,642,-103,-497,42
801,LTIM,Mar 2016,858,-40,-817,2
802,LTIM,Mar 2017,1170,-961,-33,176
803,LTIM,Mar 2018,844,-452,-408,-16
804,LTIM,Mar 2019,1395,-749,-594,52
805,LTIM,Mar 2020,1644,-643,-890,110
806,LTIM,Mar 2021,2400,-1657,-509,234
807,LTIM,Mar 2022,3251,-1643,-1680,-73
808,LTIM,Mar 2023,3095,-271,-1932,892
809,LTIM,Mar 2024,5670,-3918,-2269,-518
810,M&M,Mar 2013,-922,-2903,4508,684
811,M&M,Mar 2014,-244,-4524,5577,810
812,M&M,Mar 2015,1055,-4357,1669,-1633
813,M&M,Mar 2016,2385,-5506,2967,-154
814,M&M,Mar 2017,183,-5875,6108,416
815,M&M,Mar 2018,682,-5467,6314,1529
816,M&M,Mar 2019,-4347,-7174,13194,1672
817,M&M,Mar 2020,-1457,-6870,6933,-1394
818,M&M,Mar 2021,17909,-19686,406,-1370
819,M&M,Mar 2022,9248,-3252,-5883,113
820,M&M,Mar 2023,-7074,-8866,15946,6
821,M&M,Mar 2024,-5630,-5615,12281,1037
822,MARUTI,Mar 2013,4059,-3119,-979,-39
823,MARUTI,Mar 2014,4995,-4997,-74,-76
824,MARUTI,Mar 2015,6449,-4491,-2004,-45
825,MARUTI,Mar 2016,8482,-7230,-1237,16
826,MARUTI,Mar 2017,10282,-9173,-1129,-20
827,MARUTI,Mar 2018,11788,-8302,-3436,50
828,MARUTI,Mar 2019,6601,-3540,-2948,113
829,MARUTI,Mar 2020,3496,-557,-3104,-165
830,MARUTI,Mar 2021,8856,-7291,-1545,20
831,MARUTI,Mar 2022,1840,-239,-1607,-6
832,MARUTI,Mar 2023,10815,-8820,-1214,780
833,MARUTI,Mar 2024,16801,-11865,-4062,874
834,MOTHERSON,Mar 2013,1486,-1089,-256,142
835,MOTHERSON,Mar 2014,2695,-1372,-1080,243
836,MOTHERSON,Mar 2015,3390,-2844,494,1040
837,MOTHERSON,Mar 2016,2188,-1906,-263,19
838,MOTHERSON,Mar 2017,3800,-6145,5518,3172
839,MOTHERSON,Mar 2018,3264,-3194,-2221,-2152
840,MOTHERSON,Mar 2019,4312,-3318,-225,769
841,MOTHERSON,Mar 2020,6352,-2220,-2803,1329
842,MOTHERSON,Mar 2021,5051,-1886,-2098,1068
843,MOTHERSON,Mar 2022,2463,-2304,-1217,-1059
844,MOTHERSON,Mar 2023,4643,-2248,-2734,-339
845,MOTHERSON,Mar 2024,7569,-6644,1281,2205
846,NAUKRI,Mar 2013,75,-46,-12,16
847,NAUKRI,Mar 2014,81,-204,130,7
848,NAUKRI,Mar 2015,51,-1051,1025,25
849,NAUKRI,Mar 2016,78,-2,-66,11
850,NAUKRI,Mar 2017,213,-165,-42,7
851,NAUKRI,Mar 2018,253,-149,-75,29
852,NAUKRI,Mar 2019,276,-59,-78,138
853,NAUKRI,Mar 2020,350,97,-143,304
854,NAUKRI,Mar 2021,276,-2043,1880,113
855,NAUKRI,Mar 2022,707,-1177,35,-435
856,NAUKRI,Mar 2023,512,-358,2,156
857,NAUKRI,Mar 2024,702,-852,120,-29
858,NESTLEIND,Dec 2013,1796,-441,-580,775
859,NESTLEIND,Dec 2014,1644,-432,-1635,-423
860,NESTLEIND,Dec 2015,1098,-70,-498,529
861,NESTLEIND,Dec 2016,1466,-126,-666,674
862,NESTLEIND,Dec 2017,1818,-131,-997,691
863,NESTLEIND,Dec 2018,2052,-52,-1317,683
864,NESTLEIND,Dec 2019,2295,83,-3602,-1223
865,NESTLEIND,Dec 2020,2454,-321,-1956,177
866,NESTLEIND,Dec 2021,2236,-1920,-2020,-1704
867,NESTLEIND,Dec 2022,2737,-392,-2123,223
868,NESTLEIND,Dec 2023,3392,-927,-2436,29
869,NESTLEIND,Mar 2024,4175,-1237,-3135,-198
870,NHPC,Mar 2013,2846,-1330,-1344,172
871,NHPC,Mar 2014,3824,-1122,-4536,-1834
872,NHPC,Mar 2015,4061,-768,-2494,798
873,NHPC,Mar 2016,5971,-746,-4000,1224
874,NHPC,Mar 2017,8329,-1864,-7812,-1347
875,NHPC,Mar 2018,4696,-886,-3863,-53
876,NHPC,Mar 2019,3824,-1182,-2637,5
877,NHPC,Mar 2020,2993,-2987,12,17
878,NHPC,Mar 2021,5070,-1607,-3058,405
879,NHPC,Mar 2022,4590,-3084,-638,867
880,NHPC,Mar 2023,4705,-4191,-795,-281
881,NHPC,Mar 2024,6938,-5968,-581,388
882,NTPC,Mar 2013,16508,-16845,988,651
883,NTPC,Mar 2014,16531,-15509,-2709,-1687
884,NTPC,Mar 2015,14889,-15977,-1474,-2563
885,NTPC,Mar 2016,24125,-19162,-3899,1064
886,NTPC,Mar 2017,20167,-24480,3138,-1176
887,NTPC,Mar 2018,19670,-20678,1028,19
888,NTPC,Mar 2019,18686,-24063,4927,-451
889,NTPC,Mar 2020,23890,-29628,6004,266
890,NTPC,Mar 2021,32444,-21034,-11049,360
891,NTPC,Mar 2022,41788,-22891,-19172,-274
892,NTPC,Mar 2023,47152,-26145,-21217,-210
893,NTPC,Mar 2024,40785,-32141,-8246,398
894,ONGC,Mar 2013,39874,-41220,-6927,-8273
895,ONGC,Mar 2014,53270,-63633,15225,4862
896,ONGC,Mar 2015,33950,-30058,-10641,-6749
897,ONGC,Mar 2016,46292,-38256,-8972,-935
898,ONGC,Mar 2017,45780,-43815,-1867,99
899,ONGC,Mar 2018,56792,-66798,9909,-97
900,ONGC,Mar 2019,61458,-37132,-23324,1001
901,ONGC,Mar 2020,70593,-53159,-16726,708
902,ONGC,Mar 2021,47185,-39141,-8239,-195
903,ONGC,Mar 2022,78248,-41197,-35790,1261
904,ONGC,Mar 2023,86062,-74690,-12876,-1504
905,ONGC,Mar 2024,99263,-57203,-45650,-3591
906,PFC,Mar 2013,-25102,22,27947,2868
907,PFC,Mar 2014,-22473,9,17671,-4793
908,PFC,Mar 2015,-21455,-491,26916,4970
909,PFC,Mar 2016,-13298,-1973,10383,-4888
910,PFC,Mar 2017,1795,-667,1950,3079
911,PFC,Mar 2018,-57148,1409,52018,-3720
912,PFC,Mar 2019,-80252,-13463,93616,-98
913,PFC,Mar 2020,-42148,-73,43399,1179
914,PFC,Mar 2021,-59143,1741,60424,3023
915,PFC,Mar 2022,4904,-547,-8371,-4014
916,PFC,Mar 2023,-74717,-1694,75537,-874
917,PFC,Mar 2024,-97820,-3409,101261,32
918,PIDILITIND,Mar 2013,472,-144,-339,-12
919,PIDILITIND,Mar 2014,394,-99,-242,54
920,PIDILITIND,Mar 2015,552,-436,-165,-49
921,PIDILITIND,Mar 2016,907,-491,-371,45
922,PIDILITIND,Mar 2017,794,-879,41,-45
923,PIDILITIND,Mar 2018,796,39,-790,46
924,PIDILITIND,Mar 2019,845,-513,-361,-29
925,PIDILITIND,Mar 2020,1280,103,-849,533
926,PIDILITIND,Mar 2021,1392,-1688,-76,-372
927,PIDILITIND,Mar 2022,955,-558,-468,-71
928,PIDILITIND,Mar 2023,1558,-899,-656,2
929,PIDILITIND,Mar 2024,2724,-1769,-742,212
930,PNB,Mar 2013,-692,-600,-694,-1987
931,PNB,Mar 2014,16906,-302,2129,18733
932,PNB,Mar 2015,4814,-872,7451,11393
933,PNB,Mar 2016,14167,-1352,5975,18790
934,PNB,Mar 2017,21938,159,-9767,12330
935,PNB,Mar 2018,-1742,392,7460,6109
936,PNB,Mar 2019,-33532,-629,13969,-20192
937,PNB,Mar 2020,-12793,-338,13591,460
938,PNB,Mar 2021,30950,-787,5415,35579
939,PNB,Mar 2022,20032,-1204,2032,20859
940,PNB,Mar 2023,22592,-732,1275,23135
941,PNB,Mar 2024,-27939,-1506,3518,-25928
942,POWERGRID,Mar 2013,11690,-22084,9962,-432
943,POWERGRID,Mar 2014,15223,-26639,13712,2295
944,POWERGRID,Mar 2015,15800,-24185,6399,-1986
945,POWERGRID,Mar 2016,15008,-21576,5621,-948
946,POWERGRID,Mar 2017,21575,-23836,3959,1698
947,POWERGRID,Mar 2018,22710,-25701,1285,-1707
948,POWERGRID,Mar 2019,23271,-18727,-2431,2113
949,POWERGRID,Mar 2020,30739,-10733,-18806,1199
950,POWERGRID,Mar 2021,29403,-9244,-20521,-362
951,POWERGRID,Mar 2022,26124,753,-28967,-2091
952,POWERGRID,Mar 2023,40203,-7138,-30450,2615
953,POWERGRID,Mar 2024,37290,-13114,-25903,-1728
954,RECLTD,Mar 2013,-20059,152,16059,-3847
955,RECLTD,Mar 2014,-17244,136,16815,-293
956,RECLTD,Mar 2015,-23898,151,23098,-649
957,RECLTD,Mar 2016,-13278,-756,15291,1257
958,RECLTD,Mar 2017,6805,-101,-3947,2757
959,RECLTD,Mar 2018,-32510,46,28244,-4220
960,RECLTD,Mar 2019,-35866,457,35543,134
961,RECLTD,Mar 2020,-32712,121,33926,1336
962,RECLTD,Mar 2021,-43512,861,42113,-538
963,RECLTD,Mar 2022,-819,-287,68,-1038
964,RECLTD,Mar 2023,-37360,-943,38123,-180
965,RECLTD,Mar 2024,-57723,-1831,59588,34
966,RELIANCE,Mar 2013,36918,-27601,408,9725
967,RELIANCE,Mar 2014,43261,-73070,13713,-16096
968,RELIANCE,Mar 2015,34374,-64706,8444,-21888
969,RELIANCE,Mar 2016,38134,-36186,-3210,-1262
970,RELIANCE,Mar 2017,49550,-66201,8617,-8034
971,RELIANCE,Mar 2018,71459,-68192,-2001,1266
972,RELIANCE,Mar 2019,42346,-94507,55906,3745
973,RELIANCE,Mar 2020,94877,-72497,-2541,19839
974,RELIANCE,Mar 2021,26958,-142385,101904,-13523
975,RELIANCE,Mar 2022,110654,-109162,17289,18781
976,RELIANCE,Mar 2023,115032,-93001,10455,32486
977,RELIANCE,Mar 2024,158788,-113581,-16646,28561
978,SBILIFE,Mar 2013,1130,-227,-58,845
979,SBILIFE,Mar 2014,166,-708,-58,-600
980,SBILIFE,Mar 2015,2711,-178,-117,2416
981,SBILIFE,Mar 2016,5778,-7204,-144,-1570
982,SBILIFE,Mar 2017,8525,-9032,-144,-651
983,SBILIFE,Mar 2018,10395,-8910,-221,1264
984,SBILIFE,Mar 2019,13473,-13552,-241,-321
985,SBILIFE,Mar 2020,19299,-16986,-198,2114
986,SBILIFE,Mar 2021,23878,-19203,3,4677
987,SBILIFE,Mar 2022,21852,-21611,-231,10
988,SBILIFE,Mar 2023,28656,-30203,-415,-1962
989,SBILIFE,Mar 2024,29122,-31221,-227,-2327
990,SBIN,Mar 2013,24332,-2271,-4424,17637
991,SBIN,Mar 2014,19142,-791,3583,21934
992,SBIN,Mar 2015,26297,-3424,-1553,21320
993,SBIN,Mar 2016,14477,-2747,4348,16078
994,SBIN,Mar 2017,77406,-4572,-4196,68638
995,SBIN,Mar 2018,-96508,13053,5547,-77908
996,SBIN,Mar 2019,29556,220,448,30223
997,SBIN,Mar 2020,23929,-555,5430,28803
998,SBIN,Mar 2021,89919,-3670,7143,93392
999,SBIN,Mar 2022,57695,-2652,-3845,51198
1000,SBIN,Mar 2023,-86014,-966,6386,-80593
1001,SBIN,Mar 2024,21632,-3476,-9896,8260
1002,SHREECEM,Jun 2013,1260,-270,-982,8
1003,SHREECEM,Jun 2014,1401,-1234,-156,11
1004,SHREECEM,Jun 2015,1239,-990,-259,-10
1005,SHREECEM,Mar 2016,1566,-1265,-271,31
1006,SHREECEM,Mar 2017,2202,-2048,-167,-13
1007,SHREECEM,Mar 2018,1879,-3595,1726,10
1008,SHREECEM,Mar 2019,2080,-720,-1276,84
1009,SHREECEM,Mar 2020,3973,-5590,1581,-36
1010,SHREECEM,Mar 2021,4254,-2651,-1233,370
1011,SHREECEM,Mar 2022,2668,-2143,-849,-324
1012,SHREECEM,Mar 2023,2569,-2405,-277,-113
1013,SHREECEM,Mar 2024,3347,-1418,-1710,220
1014,SHRIRAMFIN,Mar 2013,-8359,-41,9060,661
1015,SHRIRAMFIN,Mar 2014,-4055,-112,5010,843
1016,SHRIRAMFIN,Mar 2015,-9611,-45,7836,-1819
1017,SHRIRAMFIN,Mar 2016,-5507,-36,2822,-2721
1018,SHRIRAMFIN,Mar 2017,-2677,-2,3017,338
1019,SHRIRAMFIN,Mar 2018,-13142,86,13014,-42
1020,SHRIRAMFIN,Mar 2019,-5535,-76,5550,-62
1021,SHRIRAMFIN,Mar 2020,-2464,-55,4579,2060
1022,SHRIRAMFIN,Mar 2021,-4239,-25,12226,7962
1023,SHRIRAMFIN,Mar 2022,-8859,-34,8505,-388
1024,SHRIRAMFIN,Mar 2023,-17625,5076,11820,-730
1025,SHRIRAMFIN,Mar 2024,-31101,-258,27609,-3750
1026,SIEMENS,Sep 2011,3,264,-196,70
1027,SIEMENS,Sep 2014,608,130,-220,517
1028,SIEMENS,Sep 2015,574,646,-245,975
1029,SIEMENS,Sep 2016,513,237,-1614,-864
1030,SIEMENS,Sep 2017,573,1321,-285,1610
1031,SIEMENS,Sep 2018,100,-174,-305,-379
1032,SIEMENS,Sep 2019,1273,-1135,-312,-174
1033,SIEMENS,Sep 2020,720,871,-386,1205
1034,SIEMENS,Sep 2021,1422,-2389,-502,-1469
1035,SIEMENS,Sep 2022,978,-34,-392,552
1036,SIEMENS,Sep 2023,1400,-759,-450,191
1037,SIEMENS,Sep 2024,1670,-502,-523,644
1038,SUNPHARMA,Mar 2013,3357,-2375,-665,316
1039,SUNPHARMA,Mar 2014,3959,-2176,507,2290
1040,SUNPHARMA,Mar 2015,5616,-1502,-1187,2927
1041,SUNPHARMA,Mar 2016,6686,-3949,-1889,848
1042,SUNPHARMA,Mar 2017,7082,-4186,-2285,611
1043,SUNPHARMA,Mar 2018,3907,-3104,-1539,-736
1044,SUNPHARMA,Mar 2019,2196,-310,-2731,-844
1045,SUNPHARMA,Mar 2020,6555,-2225,-5715,-1386
1046,SUNPHARMA,Mar 2021,6170,407,-5980,596
1047,SUNPHARMA,Mar 2022,8985,-5556,-5193,-1765
1048,SUNPHARMA,Mar 2023,4959,-7220,2376,115
1049,SUNPHARMA,Mar 2024,12135,-763,-6710,4662
1050,TATACONSUM,Mar 2013,173,24,186,383
1051,TATACONSUM,Mar 2014,422,-1,-363,57
1052,TATACONSUM,Mar 2015,418,-207,-392,-182
1053,TATACONSUM,Mar 2016,116,145,-282,-21
1054,TATACONSUM,Mar 2017,741,145,-816,70
1055,TATACONSUM,Mar 2018,356,-31,-30,294
1056,TATACONSUM,Mar 2019,210,53,-224,39
1057,TATACONSUM,Mar 2020,1082,-622,-308,152
1058,TATACONSUM,Mar 2021,1656,-346,-426,884
1059,TATACONSUM,Mar 2022,1516,-1317,-995,-796
1060,TATACONSUM,Mar 2023,1461,-834,-714,-87
1061,TATACONSUM,Mar 2024,1937,-1911,256,281
1062,TATAMOTORS,Mar 2013,22163,-22969,-1692,-2499
1063,TATAMOTORS,Mar 2014,36151,-27991,-3883,4277
1064,TATAMOTORS,Mar 2015,35531,-36232,5201,4500
1065,TATAMOTORS,Mar 2016,37900,-36694,-3795,-2589
1066,TATAMOTORS,Mar 2017,30199,-39571,6205,-3167
1067,TATAMOTORS,Mar 2018,23857,-25139,2012,730
1068,TATAMOTORS,Mar 2019,18891,-20878,8830,6843
1069,TATAMOTORS,Mar 2020,26633,-33115,3390,-3092
1070,TATAMOTORS,Mar 2021,29001,-25672,9904,13232
1071,TATAMOTORS,Mar 2022,14283,-4444,-3380,6459
1072,TATAMOTORS,Mar 2023,35388,-15417,-26243,-6272
1073,TATAMOTORS,Mar 2024,67915,-22782,-37006,8128
1074,TATAPOWER,Mar 2013,3286,-4026,-593,-1333
1075,TATAPOWER,Mar 2014,6483,-3609,-3265,-392
1076,TATAPOWER,Mar 2015,5981,-3865,-2239,-123
1077,TATAPOWER,Mar 2016,7415,-1805,-6183,-574
1078,TATAPOWER,Mar 2017,7014,-7373,937,579
1079,TATAPOWER,Mar 2018,6364,-1512,-4726,126
1080,TATAPOWER,Mar 2019,4574,-272,-5184,-883
1081,TATAPOWER,Mar 2020,7375,-493,-5110,1773
1082,TATAPOWER,Mar 2021,8345,993,-7603,1736
1083,TATAPOWER,Mar 2022,6693,-6250,-1183,-741
1084,TATAPOWER,Mar 2023,7166,-7263,1341,1243
1085,TATAPOWER,Mar 2024,12596,-9027,-4497,-928
1086,TATASTEEL,Mar 2013,14035,-13099,-1780,-844
1087,TATASTEEL,Mar 2014,13146,-15378,1015,-1218
1088,TATASTEEL,Mar 2015,11880,-9021,-2617,241
1089,TATASTEEL,Mar 2016,11455,-8794,-4729,-2068
1090,TATASTEEL,Mar 2017,10824,-9490,-2579,-1245
1091,TATASTEEL,Mar 2018,8023,-11730,6640,2933
1092,TATASTEEL,Mar 2019,25336,-29176,-673,-4513
1093,TATASTEEL,Mar 2020,20169,-14012,-1695,4462
1094,TATASTEEL,Mar 2021,44327,-9437,-37090,-2200
1095,TATASTEEL,Mar 2022,44381,-10905,-23401,10075
1096,TATASTEEL,Mar 2023,21683,-18179,-6981,-3477
1097,TATASTEEL,Mar 2024,20301,-14253,-11097,-5049
1098,TCS,Mar 2013,11615,-6038,-5729,-152
1099,TCS,Mar 2014,14751,-9452,-5673,-374
1100,TCS,Mar 2015,19369,-1807,-17168,394
1101,TCS,Mar 2016,19109,-5010,-9666,4433
1102,TCS,Mar 2017,25223,-16895,-11026,-2698
1103,TCS,Mar 2018,25067,3104,-26885,1286
1104,TCS,Mar 2019,28593,1645,-27897,2341
1105,TCS,Mar 2020,32369,8968,-39915,1422
1106,TCS,Mar 2021,38802,-7956,-32634,-1788
1107,TCS,Mar 2022,39949,-738,-33581,5630
1108,TCS,Mar 2023,41965,548,-47878,-5365
1109,TCS,Mar 2024,44338,6091,-48536,1893
1110,TECHM,Mar 2013,855,-622,65,298
1111,TECHM,Mar 2014,1596,291,-972,915
1112,TECHM,Mar 2015,2448,-1865,-829,-246
1113,TECHM,Mar 2016,3137,-1453,-496,1188
1114,TECHM,Mar 2017,4071,-2893,-1571,-392
1115,TECHM,Mar 2018,3554,-3319,-269,-35
1116,TECHM,Mar 2019,4432,-2104,-2251,77
1117,TECHM,Mar 2020,4358,1081,-4466,974
1118,TECHM,Mar 2021,8094,-5433,-2987,-326
1119,TECHM,Mar 2022,5285,480,-4667,1098
1120,TECHM,Mar 2023,5572,-226,-5078,267
1121,TECHM,Mar 2024,6376,-1318,-4767,291
1122,TITAN,Mar 2013,553,-142,-236,176
1123,TITAN,Mar 2014,-555,-271,497,-329
1124,TITAN,Mar 2015,503,-118,-1005,-620
1125,TITAN,Mar 2016,576,-159,-505,-88
1126,TITAN,Mar 2017,1712,-953,-166,594
1127,TITAN,Mar 2018,-51,98,-252,-206
1128,TITAN,Mar 2019,1243,-797,-489,-43
1129,TITAN,Mar 2020,-348,235,-242,-355
1130,TITAN,Mar 2021,4139,-2799,-1234,106
1131,TITAN,Mar 2022,-724,1165,-403,38
1132,TITAN,Mar 2023,1370,-1814,457,13
1133,TITAN,Mar 2024,1695,-189,-1329,177
1134,TORNTPHARM,Mar 2013,153,-247,20,-73
1135,TORNTPHARM,Mar 2014,599,-418,86,268
1136,TORNTPHARM,Mar 2015,810,-2113,1212,-90
1137,TORNTPHARM,Mar 2016,2742,-869,-1435,437
1138,TORNTPHARM,Mar 2017,1009,-798,-193,18
1139,TORNTPHARM,Mar 2018,894,-4677,3417,-366
1140,TORNTPHARM,Mar 2019,1798,-246,-1314,238
1141,TORNTPHARM,Mar 2020,1393,229,-1549,73
1142,TORNTPHARM,Mar 2021,2005,-444,-1651,-89
1143,TORNTPHARM,Mar 2022,1803,-196,-1781,-174
1144,TORNTPHARM,Mar 2023,2368,-2335,77,110
1145,TORNTPHARM,Mar 2024,3266,-160,-2780,327
1146,TRENT,Mar 2013,31,-276,147,-97
1147,TRENT,Mar 2014,-46,-48,-50,-145
1148,TRENT,Mar 2015,-10,-306,310,-6
1149,TRENT,Mar 2016,109,-98,-13,-2
1150,TRENT,Mar 2017,102,-44,-51,7
1151,TRENT,Mar 2018,77,-4,-74,-1
1152,TRENT,Mar 2019,21,-37,37,21
1153,TRENT,Mar 2020,361,-809,452,5
1154,TRENT,Mar 2021,285,18,-283,20
1155,TRENT,Mar 2022,58,56,-108,6
1156,TRENT,Mar 2023,595,-103,-491,1
1157,TRENT,Mar 2024,1349,-508,-629,211
1158,TVSMOTOR,Mar 2013,464,-120,-402,-58
1159,TVSMOTOR,Mar 2014,470,-235,-216,19
1160,TVSMOTOR,Mar 2015,83,-415,261,-71
1161,TVSMOTOR,Mar 2016,936,-605,-319,12
1162,TVSMOTOR,Mar 2017,689,-709,-59,-79
1163,TVSMOTOR,Mar 2018,354,-1095,897,156
1164,TVSMOTOR,Mar 2019,-918,-1104,2210,188
1165,TVSMOTOR,Mar 2020,373,-1090,1619,902
1166,TVSMOTOR,Mar 2021,1151,-882,264,532
1167,TVSMOTOR,Mar 2022,-1575,-1471,2918,532
1168,TVSMOTOR,Mar 2023,-4405,-1308,6118,406
1169,TVSMOTOR,Mar 2024,-1253,-1001,2759,505
1170,ULTRACEMCO,Mar 2013,3618,-4362,715,-30
1171,ULTRACEMCO,Mar 2014,3455,-2342,-949,164
1172,ULTRACEMCO,Mar 2015,4190,-2144,-2110,-63
1173,ULTRACEMCO,Mar 2016,4526,-3673,-844,8
1174,ULTRACEMCO,Mar 2017,5005,-2501,-2535,-31
1175,ULTRACEMCO,Mar 2018,3888,1866,-5735,18
1176,ULTRACEMCO,Mar 2019,5956,1165,-6757,364
1177,ULTRACEMCO,Mar 2020,8972,-4192,-5076,-295
1178,ULTRACEMCO,Mar 2021,12500,-8856,-4356,-712
1179,ULTRACEMCO,Mar 2022,9283,2257,-12498,-958
1180,ULTRACEMCO,Mar 2023,9069,-7188,-1631,250
1181,ULTRACEMCO,Mar 2024,10898,-8789,-1926,183
1182,UNIONBANK,Mar 2013,-4245,-343,5096,507
1183,UNIONBANK,Mar 2014,2570,-363,4902,7109
1184,UNIONBANK,Mar 2015,-3567,-318,3168,-718
1185,UNIONBANK,Mar 2016,81,-9,-2,70
1186,UNIONBANK,Mar 2017,-6624,-280,10194,3289
1187,UNIONBANK,Mar 2018,6097,-315,10792,16574
1188,UNIONBANK,Mar 2019,-7778,-297,1758,-6317
1189,UNIONBANK,Mar 2020,-77,-4,201,121
1190,UNIONBANK,Mar 2021,20527,-601,-18861,1066
1191,UNIONBANK,Mar 2022,36339,-558,-786,34995
1192,UNIONBANK,Mar 2023,6056,-2561,-10654,-7159
1193,UNIONBANK,Mar 2024,19930,-1394,-11489,7047
1194,UNITDSPR,Mar 2013,1969,-1121,-992,-145
1195,UNITDSPR,Mar 2014,-552,-252,1235,431
1196,UNITDSPR,Mar 2015,-196,3855,-4002,-343
1197,UNITDSPR,Mar 2016,283,733,-1155,-139
1198,UNITDSPR,Mar 2017,647,-227,-475,-56
1199,UNITDSPR,Mar 2018,925,104,-966,63
1200,UNITDSPR,Mar 2019,948,-66,-808,74
1201,UNITDSPR,Mar 2020,783,-194,-740,-150
1202,UNITDSPR,Mar 2021,1818,-99,-1707,12
1203,UNITDSPR,Mar 2022,977,-313,-688,-23
1204,UNITDSPR,Mar 2023,615,-55,-500,60
1205,UNITDSPR,Mar 2024,1118,226,-407,937
1206,VBL,Dec 2012,280,-507,229,3
1207,VBL,Dec 2013,297,-574,274,-2
1208,VBL,Dec 2014,431,-500,58,-11
1209,VBL,Dec 2015,555,-300,-236,19
1210,VBL,Dec 2016,826,-1048,230,8
1211,VBL,Dec 2017,620,-746,159,32
1212,VBL,Dec 2018,1000,-937,-84,-22
1213,VBL,Dec 2019,1308,-2320,1107,95
1214,VBL,Dec 2020,1012,-472,-574,-33
1215,VBL,Dec 2021,1231,-1008,-178,46
1216,VBL,Dec 2022,1790,-1769,-18,4
1217,VBL,Dec 2023,2391,-3288,985,88
1218,VEDL,Mar 2013,22,-311,238,-51
1219,VEDL,Mar 2014,15601,-2890,-5052,7659
1220,VEDL,Mar 2015,17805,-4133,-13956,-284
1221,VEDL,Mar 2016,20377,-7868,-11303,1206
1222,VEDL,Mar 2017,18083,2681,-12425,8339
1223,VEDL,Mar 2018,17366,15480,-39255,-6409
1224,VEDL,Mar 2019,23754,-10594,-10242,2918
1225,VEDL,Mar 2020,19300,-5925,-15547,-2172
1226,VEDL,Mar 2021,23980,-6678,-17565,-263
1227,VEDL,Mar 2022,34963,-2243,-28903,3817
1228,VEDL,Mar 2023,33065,-668,-34142,-1745
1229,VEDL,Mar 2024,35654,-13676,-26092,-4114
1230,WIPRO,Mar 2013,6394,-4536,-1140,717
1231,WIPRO,Mar 2014,6790,-284,-3570,2936
1232,WIPRO,Mar 2015,7840,-2537,-830,4474
1233,WIPRO,Mar 2016,7887,-13761,-159,-6032
1234,WIPRO,Mar 2017,9277,-11770,-2275,-4767
1235,WIPRO,Mar 2018,8423,3595,-12998,-979
1236,WIPRO,Mar 2019,11632,5065,-4937,11760
1237,WIPRO,Mar 2020,10064,3593,-15100,-1442
1238,WIPRO,Mar 2021,14755,685,-12884,2556
1239,WIPRO,Mar 2022,11080,-22321,4659,-6583
1240,WIPRO,Mar 2023,13060,-8169,-6088,-1197
1241,WIPRO,Mar 2024,17622,1144,-18257,509
1242,ZOMATO,Mar 2020,-2144,1740,359,-45
1243,ZOMATO,Mar 2021,-1018,-5245,6402,139
1244,ZOMATO,Mar 2022,-693,-7971,8750,86
1245,ZOMATO,Mar 2023,-844,797,-127,-174
1246,ZOMATO,Mar 2024,646,-348,-207,91
1247,ZYDUSLIFE,Mar 2013,603,-682,286,207
1248,ZYDUSLIFE,Mar 2014,903,-438,-529,-64
1249,ZYDUSLIFE,Mar 2015,994,-465,-351,178
1250,ZYDUSLIFE,Mar 2016,1894,-860,-935,99
1251,ZYDUSLIFE,Mar 2017,1312,-2872,2316,756
1252,ZYDUSLIFE,Mar 2018,919,-974,52,-3
1253,ZYDUSLIFE,Mar 2019,1282,-3977,1885,-811
1254,ZYDUSLIFE,Mar 2020,2932,-1004,-1528,399
1255,ZYDUSLIFE,Mar 2021,3294,-837,-2548,-90
1256,ZYDUSLIFE,Mar 2022,2104,-1018,-868,219
1257,ZYDUSLIFE,Mar 2023,2689,1542,-4400,-170
1258,ZYDUSLIFE,Mar 2024,3228,-1492,-1810,-75
