"bluestock_fintech_—_nifty_100__|__balance_sheet__|__1,312_records",unnamed:_1,unnamed:_2,unnamed:_3,unnamed:_4,unnamed:_5,unnamed:_6,unnamed:_7,unnamed:_8,unnamed:_9,unnamed:_10,unnamed:_11,unnamed:_12
id,company_id,year,equity_capital,reserves,borrowings,other_liabilities,total_liabilities,fixed_assets,cwip,investments,other_asset,total_assets
136,ABB,Dec 2012,21,626,0,260,907,109,1,0,798,907
137,ABB,Mar 2014,21,767,0,351,1139,98,1,0,1040,1139
138,ABB,Mar 2015,21,916,0,436,1374,96,4,0,1274,1374
139,ABB,Mar 2016,21,1174,0,421,1616,108,3,0,1505,1616
140,ABB,Mar 2017,21,1366,0,679,2066,110,6,0,1950,2066
141,ABB,Mar 2018,21,1672,0,723,2416,81,2,0,2333,2416
142,ABB,Mar 2019,21,1987,0,932,2941,105,1,0,2835,2941
143,ABB,Mar 2020,21,2410,175,940,3547,270,2,0,3275,3547
144,ABB,Mar 2021,21,2581,153,1086,3840,251,1,0,3589,3840
145,ABB,Mar 2022,21,2799,152,1253,4224,271,1,0,3952,4224
146,ABB,Mar 2023,21,3167,113,1254,4556,237,4,0,4315,4556
147,ABB,Mar 2024,21,3678,83,1411,5193,225,10,0,4958,5193
148,ABB,Sep 2024,21,3500,60,1481,5063,216,13,0,4834,5063
149,ADANIENSOL,Mar 2014,0.1,0,0,0,0,0,0,0,0,0
150,ADANIENSOL,Mar 2015,1090,-7,9701,708,11492,10573,10,0,909,11492
151,ADANIENSOL,Mar 2016,1100,1572,8585,489,11746,10060,258,20,1407,11746
152,ADANIENSOL,Mar 2017,1100,1847,8975,890,12811,9853,1343,105,1510,12811
153,ADANIENSOL,Mar 2018,1100,4957,10428,781,17265,9291,2353,0,5621,17265
154,ADANIENSOL,Mar 2019,1100,6943,20137,4379,32558,24412,694,336,7117,32558
155,ADANIENSOL,Mar 2020,1100,7399,24246,6966,39711,24924,2212,313,12262,39711
156,ADANIENSOL,Mar 2021,1100,7819,27095,7219,43234,26987,5255,442,10550,43234
157,ADANIENSOL,Mar 2022,1100,8813,29902,7650,47464,30272,5060,561,11572,47464
158,ADANIENSOL,Mar 2023,1115,10634,34270,7913,53932,32645,6200,1370,13716,53932
159,ADANIENSOL,Mar 2024,1115,11526,37070,8827,58538,38920,3003,766,15849,58538
160,ADANIENSOL,Sep 2024,1201,19784,39009,9113,69107,38186,4355,1608,24958,69107
170,ADANIENT,Mar 2013,110,21286,69332,21143,111871,48770,29248,323,33529,111871
171,ADANIENT,Mar 2014,110,23647,71980,22365,118102,70579,13574,288,33661,118102
172,ADANIENT,Mar 2015,110,25618,83571,21420,130718,83834,6733,744,39407,130718
173,ADANIENT,Mar 2016,110,13268,19169,9132,41679,10473,7705,805,22696,41679
174,ADANIENT,Mar 2017,110,14026,20846,12630,47611,13668,7731,1042,25170,47611
175,ADANIENT,Mar 2018,110,14979,17637,23679,56405,10555,5526,1461,38864,56405
176,ADANIENT,Mar 2019,110,14646,11243,16537,42536,9020,5765,1511,26240,42536
177,ADANIENT,Mar 2020,110,16837,12419,17509,46875,10476,7347,1952,27099,46875
178,ADANIENT,Mar 2021,110,17049,16227,18231,51617,10838,8825,5503,26451,51617
179,ADANIENT,Mar 2022,110,22147,41604,37726,101586,30123,23544,4292,43627,101586
180,ADANIENT,Mar 2023,114,32937,53200,55027,141278,56881,24025,6310,54062,141278
181,ADANIENT,Mar 2024,114,38962,65310,56200,160586,65978,35180,8701,50728,160586
182,ADANIENT,Sep 2024,114,41782,80427,59445,181768,84751,29745,10322,56949,181768
192,ADANIGREEN,Mar 2017,1274,-71,4347,610,6160,4341,267,26,1525,6160
193,ADANIGREEN,Mar 2018,1564,-223,9864,4503,15709,9120,1725,87,4777,15709
194,ADANIGREEN,Mar 2019,1564,369,11142,1582,14658,10388,743,77,3449,14658
195,ADANIGREEN,Mar 2020,1564,793,14866,1201,18424,12554,1208,476,4186,18424
196,ADANIGREEN,Mar 2021,1564,636,24209,2283,28692,16429,4452,502,7309,28692
197,ADANIGREEN,Mar 2022,1564,1050,52832,3508,58954,28452,19999,574,10029,58954
198,ADANIGREEN,Mar 2023,1584,5720,54223,5382,66909,48336,5291,1149,12133,66909
199,ADANIGREEN,Mar 2024,1584,8250,64858,13394,88086,62284,6427,1515,17860,88086
200,ADANIGREEN,Sep 2024,1584,8992,67430,20252,98258,64632,14617,2331,16678,98258
201,ADANIPORTS,Mar 2013,401,5993,11620,3022,21035,11382,2951,222,6480,21035
202,ADANIPORTS,Mar 2014,414,8351,12979,2933,24677,13163,2025,63,9426,24677
203,ADANIPORTS,Mar 2015,414,10351,17776,3541,32082,20527,1276,260,10020,32082
204,ADANIPORTS,Mar 2016,414,13091,22342,2538,38385,20883,1967,545,14990,38385
205,ADANIPORTS,Mar 2017,414,17112,22214,3629,43369,21054,4514,1161,16641,43369
206,ADANIPORTS,Mar 2018,414,20489,22370,3960,47233,22670,4545,1079,18938,47233
207,ADANIPORTS,Mar 2019,414,23958,27712,4228,56311,28121,4483,782,22924,56311
208,ADANIPORTS,Mar 2020,406,25051,30242,6217,61917,32715,3216,1178,24808,61917
209,ADANIPORTS,Mar 2021,406,30035,35855,8285,74582,48291,3697,2236,20358,74582
210,ADANIPORTS,Mar 2022,422,41399,47935,8572,98328,62553,4023,3161,28591,98328
211,ADANIPORTS,Mar 2023,432,44957,53434,13740,112563,72224,6637,7432,26271,112563
212,ADANIPORTS,Mar 2024,432,52346,49470,14751,116999,75148,10936,4289,26627,116999
213,ADANIPORTS,Sep 2024,432,56744,50485,18354,126015,79136,13328,4489,29062,126015
214,ADANIPOWER,Mar 2013,2393,1900,41795,8599,54688,29089,18976,22,6600,54688
215,ADANIPOWER,Mar 2014,2872,3671,44150,8045,58739,46365,3660,115,8599,58739
216,ADANIPOWER,Mar 2015,2872,2853,44742,8008,58474,45080,191,357,12846,58474
217,ADANIPOWER,Mar 2016,3334,4134,52729,15597,75794,56941,88,0,18765,75794
218,ADANIPOWER,Mar 2017,3857,-857,52484,16027,71511,54391,125,164,16831,71511
219,ADANIPOWER,Mar 2018,3857,-2968,52835,15804,69528,52137,120,0,17271,69528
220,ADANIPOWER,Mar 2019,3857,3855,46980,13293,67985,50419,350,3,17213,67985
221,ADANIPOWER,Mar 2020,3857,2624,55199,13346,75025,55846,2347,3,16830,75025
222,ADANIPOWER,Mar 2021,3857,9256,52519,13175,78806,52851,6439,20,19495,78806
223,ADANIPOWER,Mar 2022,3857,14600,49145,14379,81981,53274,10270,183,18254,81981
224,ADANIPOWER,Mar 2023,3857,26019,42350,13596,85821,51451,12880,654,20836,85821
225,ADANIPOWER,Mar 2024,3857,39288,34616,14248,92009,63016,925,374,27694,92009
226,ADANIPOWER,Sep 2024,3857,52097,37705,17125,110784,71147,9455,321,29863,110784
227,AMBUJACEM,Dec 2012,308,8489,60,3487,12345,5951,524,1581,4289,12345
228,AMBUJACEM,Dec 2013,309,9153,48,3446,12956,6147,698,1714,4399,12956
229,AMBUJACEM,Dec 2014,310,9760,34,3774,13878,6310,692,2097,4780,13878
230,AMBUJACEM,Dec 2015,310,9961,35,3827,14133,6170,416,2149,5398,14133
231,AMBUJACEM,Dec 2016,397,19424,29,12974,32824,21410,582,175,10657,32824
232,AMBUJACEM,Dec 2017,397,20275,24,14813,35509,20898,667,153,13791,35509
233,AMBUJACEM,Dec 2018,397,21973,40,14981,37391,20636,1008,133,15613,37391
234,AMBUJACEM,Dec 2019,397,23681,41,16059,40178,20701,1554,150,17773,40178
235,AMBUJACEM,Dec 2020,397,22360,471,16490,39718,20486,2422,167,16643,39718
236,AMBUJACEM,Dec 2021,397,24957,477,19374,45205,22254,2168,198,20585,45205
237,AMBUJACEM,Mar 2023,397,31301,523,19501,51721,23551,2526,214,25430,51721
238,AMBUJACEM,Mar 2024,440,41016,699,23107,65261,32388,2658,849,29365,65261
239,AMBUJACEM,Sep 2024,493,49883,779,25417,76572,40857,6472,2223,27019,76572
240,APOLLOHOSP,Mar 2013,70,2677,1213,854,4814,2341,403,527,1543,4814
241,APOLLOHOSP,Mar 2014,70,2907,1344,1029,5350,2681,491,322,1855,5350
242,APOLLOHOSP,Mar 2015,70,3102,1992,1296,6459,3244,533,311,2372,6459
243,APOLLOHOSP,Mar 2016,70,3262,2834,1195,7360,3997,562,352,2448,7360
244,APOLLOHOSP,Mar 2017,70,3244,3125,1665,8103,4591,347,406,2759,8103
245,APOLLOHOSP,Mar 2018,70,3182,3427,1917,8596,4773,712,352,2759,8596
246,APOLLOHOSP,Mar 2019,70,3264,3673,2159,9166,4982,822,462,2901,9166
247,APOLLOHOSP,Mar 2020,70,3270,3596,4354,11289,7432,236,434,3187,11289
248,APOLLOHOSP,Mar 2021,72,4531,4160,2629,11392,6778,234,1343,3037,11392
249,APOLLOHOSP,Mar 2022,72,5551,4068,3570,13261,8296,46,816,4104,13261
250,APOLLOHOSP,Mar 2023,72,6126,4332,3886,14416,8520,610,574,4712,14416
251,APOLLOHOSP,Mar 2024,72,6864,5333,4474,16742,9664,873,986,5219,16742
252,APOLLOHOSP,Sep 2024,72,7429,7371,4676,19548,10201,1042,1012,7293,19548
253,ASIANPAINT,Mar 2013,96,3288,251,3149,6784,2441,59,296,3989,6784
254,ASIANPAINT,Mar 2014,96,3943,249,3787,8075,2562,72,1424,4019,8075
255,ASIANPAINT,Mar 2015,96,4646,418,3754,8914,2660,196,1588,4471,8914
256,ASIANPAINT,Mar 2016,96,6429,323,3711,10559,3416,107,2712,4324,10559
257,ASIANPAINT,Mar 2017,96,7508,560,4241,12405,3304,258,2652,6192,12405
258,ASIANPAINT,Mar 2018,96,8314,533,4820,13763,3732,1405,2141,6485,13763
259,ASIANPAINT,Mar 2019,96,9375,1320,5459,16249,6497,210,2569,6974,16249
260,ASIANPAINT,Mar 2020,96,10034,1118,4889,16138,6272,140,2019,7707,16138
261,ASIANPAINT,Mar 2021,96,12710,1093,6456,20355,5859,183,4737,9577,20355
262,ASIANPAINT,Mar 2022,96,13716,1587,7560,22958,5519,426,3248,13765,22958
263,ASIANPAINT,Mar 2023,96,15896,1933,7854,25779,5770,1020,4262,14728,25779
264,ASIANPAINT,Mar 2024,96,18632,2474,8698,29901,7147,2698,4588,15468,29901
265,ASIANPAINT,Sep 2024,96,17928,2516,8934,29474,7879,2272,3695,15629,29474
266,ASIANPAINT,Mar 2013,96,3288,251,3149,6784,2441,59,296,3989,6784
267,ASIANPAINT,Mar 2014,96,3943,249,3787,8075,2562,72,1424,4019,8075
268,ASIANPAINT,Mar 2015,96,4646,418,3754,8914,2660,196,1588,4471,8914
269,ASIANPAINT,Mar 2016,96,6429,323,3711,10559,3416,107,2712,4324,10559
270,ASIANPAINT,Mar 2017,96,7508,560,4241,12405,3304,258,2652,6192,12405
271,ASIANPAINT,Mar 2018,96,8314,533,4820,13763,3732,1405,2141,6485,13763
272,ASIANPAINT,Mar 2019,96,9375,1320,5459,16249,6497,210,2569,6974,16249
273,ASIANPAINT,Mar 2020,96,10034,1118,4889,16138,6272,140,2019,7707,16138
274,ASIANPAINT,Mar 2021,96,12710,1093,6456,20355,5859,183,4737,9577,20355
275,ASIANPAINT,Mar 2022,96,13716,1587,7560,22958,5519,426,3248,13765,22958
276,ASIANPAINT,Mar 2023,96,15896,1933,7854,25779,5770,1020,4262,14728,25779
277,ASIANPAINT,Mar 2024,96,18632,2474,8698,29901,7147,2698,4588,15468,29901
278,ASIANPAINT,Sep 2024,96,17928,2516,8934,29474,7879,2272,3695,15629,29474
279,ATGL,Mar 2018,257,759,1345,442,2803,897,102,180,1624,2803
280,ATGL,Mar 2019,110,992,394,552,2048,980,190,176,701,2048
281,ATGL,Mar 2020,110,1361,428,577,2476,1198,342,282,655,2476
282,ATGL,Mar 2021,110,1824,529,741,3204,1379,696,417,711,3204
283,ATGL,Mar 2022,110,2306,1035,964,4415,1733,1171,634,878,4415
284,ATGL,Mar 2023,110,2831,1422,1282,5645,2335,1619,682,1010,5645
285,ATGL,Mar 2024,110,3470,1557,1454,6592,3174,1502,706,1209,6592
286,ATGL,Sep 2024,110,3801,1457,1474,6842,3421,1527,922,974,6842
287,AXISBANK,Mar 2013,468,32690,296254,11145,340558,2245,142,113378,224792,340558
288,AXISBANK,Mar 2014,470,37926,333280,14674,386350,2346,102,113093,270810,386350
289,AXISBANK,Mar 2015,474,44475,406638,15656,467243,2447,105,118527,346164,467243
290,AXISBANK,Mar 2016,477,53082,472150,20678,546387,3358,216,131399,411414,546387
291,AXISBANK,Mar 2017,479,55901,527437,27644,611462,3518,292,129018,478633,611462
292,AXISBANK,Mar 2018,513,63694,611425,28071,703703,3697,352,153037,546618,703703
293,AXISBANK,Mar 2019,514,67288,711996,34248,814046,3842,288,174056,635860,814046
294,AXISBANK,Mar 2020,564,85776,797337,44194,927872,3912,483,155282,768196,927872
295,AXISBANK,Mar 2021,613,102981,850551,46859,1001005,4501,118,225336,771050,1001005
296,AXISBANK,Mar 2022,614,117647,1020943,56576,1195779,4753,215,274608,916203,1195779
297,AXISBANK,Mar 2023,615,129166,1152038,62598,1344418,5000,142,288095,1051181,1344418
298,AXISBANK,Mar 2024,617,156406,1295302,65913,1518239,5860,267,332354,1179758,1518239
299,BAJAJ-AUTO,Mar 2013,289,7776,116,4461,12642,2355,294,6059,3934,12642
300,BAJAJ-AUTO,Mar 2014,289,9878,59,5081,15308,2660,144,8448,4056,15308
301,BAJAJ-AUTO,Mar 2015,289,10806,112,4758,15966,2448,255,8985,4277,15966
302,BAJAJ-AUTO,Mar 2016,289,13731,118,3102,17240,2026,52,11067,4095,17240
303,BAJAJ-AUTO,Mar 2017,289,17567,120,3661,21638,2002,42,15477,4117,21638
304,BAJAJ-AUTO,Mar 2018,289,20136,121,4595,25141,1878,56,18895,4312,25141
305,BAJAJ-AUTO,Mar 2019,289,22944,125,5476,28834,1764,48,20603,6420,28834
306,BAJAJ-AUTO,Mar 2020,289,21373,126,4722,26510,1699,60,19914,4837,26510
307,BAJAJ-AUTO,Mar 2021,289,26984,121,6207,33602,1668,16,24687,7232,33602
308,BAJAJ-AUTO,Mar 2022,289,29570,123,5129,35111,1836,77,26634,6564,35111
309,BAJAJ-AUTO,Mar 2023,283,29079,124,5651,35136,2842,85,26183,6026,35136
310,BAJAJ-AUTO,Mar 2024,279,28683,1912,8470,39344,3217,35,28087,8005,39344
311,BAJAJ-AUTO,Sep 2024,279,30700,5245,9618,45842,3214,141,28552,13934,45842
312,BAJAJFINSV,Mar 2013,80,7722,12991,44578,65370,1208,2,43251,20910,65370
313,BAJAJFINSV,Mar 2014,80,9232,19507,45565,74383,1262,1,45314,27805,74383
314,BAJAJFINSV,Mar 2015,80,11009,26312,50827,88228,1261,3,51367,35598,88228
315,BAJAJFINSV,Mar 2016,80,13519,36062,54290,103951,1274,11,53698,48969,103951
316,BAJAJFINSV,Mar 2017,80,16071,48282,64181,128614,1645,4,62658,64306,128614
317,BAJAJFINSV,Mar 2018,80,20403,65695,75337,161514,1792,28,69428,90266,161514
318,BAJAJFINSV,Mar 2019,80,23660,99754,84934,208428,2097,66,81679,124587,208428
319,BAJAJFINSV,Mar 2020,80,31222,127212,92791,251304,3216,45,91821,156223,251304
320,BAJAJFINSV,Mar 2021,80,35750,128461,115554,279845,3182,129,113654,162879,279845
321,BAJAJFINSV,Mar 2022,80,40167,161179,131987,333413,3586,113,119222,210493,333413
322,BAJAJFINSV,Mar 2023,159,46248,212265,146729,405401,4336,191,136176,264698,405401
323,BAJAJFINSV,Mar 2024,159,60169,288933,188154,537415,5455,220,168385,363355,537415
324,BAJAJFINSV,Sep 2024,160,68165,318675,214195,601195,6048,105,185250,409792,601195
325,BAJAJHLDNG,Mar 2013,111,10234,0,430,10775,532,0,9577,666,10775
326,BAJAJHLDNG,Mar 2014,111,11888,0,449,12448,532,0,11325,592,12448
327,BAJAJHLDNG,Mar 2015,111,13282,0,500,13893,544,0,13078,271,13893
328,BAJAJHLDNG,Mar 2016,111,15182,0,178,15472,544,0,13276,1651,15472
329,BAJAJHLDNG,Mar 2017,111,17707,0,71,17889,222,0,17364,302,17889
330,BAJAJHLDNG,Mar 2018,111,25090,0,68,25269,215,0,24575,478,25269
331,BAJAJHLDNG,Mar 2019,111,26841,0,56,27008,193,0,26257,558,27008
332,BAJAJHLDNG,Mar 2020,111,27652,168,4797,32729,374,0,32068,287,32729
333,BAJAJHLDNG,Mar 2021,111,37056,136,8186,45490,342,0,44914,234,45490
334,BAJAJHLDNG,Mar 2022,111,42731,114,10632,53588,310,0,52964,314,53588
335,BAJAJHLDNG,Mar 2023,111,44071,93,8913,53188,278,0,52555,355,53188
336,BAJAJHLDNG,Mar 2024,111,54136,63,10851,65161,244,0,64715,203,65161
337,BAJAJHLDNG,Sep 2024,111,59712,47,12662,72533,227,0,71252,1054,72533
338,BAJFINANCE,Mar 2015,50,4750,26655,1325,32780,252,0,326,32201,32780
339,BAJFINANCE,Mar 2016,54,7373,37025,2522,46973,290,0,1029,45654,46973
340,BAJFINANCE,Mar 2017,109,9491,49250,4881,63731,366,0,4070,59295,63731
341,BAJFINANCE,Mar 2018,115,15733,66557,2393,84798,470,0,3139,81189,84798
342,BAJFINANCE,Mar 2019,115,19582,101588,2948,124233,695,0,8599,114939,124233
343,BAJFINANCE,Mar 2020,120,32208,129806,2257,164391,1321,0,17544,145526,164391
344,BAJFINANCE,Mar 2021,120,36798,131634,2918,171470,1316,51,18397,151707,171470
345,BAJFINANCE,Mar 2022,121,43592,165232,3562,212506,1716,34,12246,198510,212506
346,BAJFINANCE,Mar 2023,121,54251,216690,4164,275226,2308,80,22752,250087,275226
347,BAJFINANCE,Mar 2024,124,76572,293346,5700,375742,3250,43,30881,341568,375742
348,BAJFINANCE,Sep 2024,124,86679,324218,9635,420656,3423,29,31036,386167,420656
349,BANKBARODA,Mar 2013,423,32859,509192,16914,559387,2550,0,125617,431220,559387
350,BANKBARODA,Mar 2014,431,37416,616973,21284,676104,2849,0,122113,551142,676104
351,BANKBARODA,Mar 2015,444,41574,665483,26465,733966,2978,0,124739,606248,733966
352,BANKBARODA,Mar 2016,462,42041,620536,28134,691173,6359,0,128894,555920,691173
353,BANKBARODA,Mar 2017,462,42605,648499,27649,719216,5930,0,140716,572570,719216
354,BANKBARODA,Mar 2018,530,46036,672311,28919,747796,5532,0,175137,567126,747796
355,BANKBARODA,Mar 2019,530,54466,734456,30217,819670,7368,0,195716,616586,819670
356,BANKBARODA,Mar 2020,925,75179,1068981,54850,1199935,9268,0,289727,900941,1199935
357,BANKBARODA,Mar 2021,1036,81354,1067173,53104,1202667,8441,0,281859,912367,1202667
358,BANKBARODA,Mar 2022,1036,90833,1185331,62922,1340121,11098,1,347587,981435,1340121
359,BANKBARODA,Mar 2023,1036,104019,1342592,78224,1525871,9865,3,397487,1118516,1525871
360,BANKBARODA,Mar 2024,1036,118677,1453761,81302,1654775,9054,6,407136,1238579,1654775
361,BEL,Mar 2013,2,4,24,15,45,12,0,0,33,45
362,BEL,Mar 2014,2,5,21,18,46,7,0,0,39,46
363,BEL,Mar 2015,2,5,26,16,49,6,0,0,43,49
364,BEL,Mar 2016,9,3,25,15,52,6,0,0,46,52
365,BEL,Mar 2017,9,6,29,32,77,6,0,0,71,77
366,BEL,Mar 2018,10,21,48,42,121,11,0,0,110,121
367,BEL,Mar 2019,11,38,47,30,126,11,0,0,114,126
368,BEL,Mar 2020,11,44,44,23,122,14,0,0,108,122
369,BEL,Mar 2021,11,48,49,43,152,15,1,0,136,152
370,BEL,Mar 2022,11,58,58,35,163,17,0,0,145,163
371,BEL,Mar 2023,11,64,39,29,144,17,0,0,126,144
372,BEL,Mar 2024,11,73,43,33,161,18,0,1,142,161
373,BEL,Sep 2024,11,80,78,55,225,34,1,1,190,225
374,BHARTIARTL,Mar 2013,1899,48423,66736,40912,157970,125674,2992,7710,21594,157970
375,BHARTIARTL,Mar 2014,1999,57757,75896,45840,181492,140614,0,15531,25347,181492
376,BHARTIARTL,Mar 2015,1999,37778,83415,58747,181939,124279,17415,10752,29494,181939
377,BHARTIARTL,Mar 2016,1999,64771,100646,57056,224472,172293,5702,11977,34500,224472
378,BHARTIARTL,Mar 2017,1999,65458,107288,57578,232322,178235,10838,14339,28910,232322
379,BHARTIARTL,Mar 2018,1999,67536,111334,68653,249521,187200,9751,16159,36411,249521
380,BHARTIARTL,Mar 2019,1999,69424,125428,77176,274026,200832,9634,15711,47850,274026
381,BHARTIARTL,Mar 2020,2728,74417,148228,133718,359091,229256,4282,25476,100077,359091
382,BHARTIARTL,Mar 2021,2746,56207,162785,122679,344417,223480,5726,27550,87661,344417
383,BHARTIARTL,Mar 2022,2795,63759,169678,124975,361207,244083,5955,29349,81820,361207
384,BHARTIARTL,Mar 2023,2837,74726,226020,140974,444557,277394,49425,32954,84784,444557
385,BHARTIARTL,Mar 2024,2877,79742,215592,144408,442019,303303,16904,31602,90210,442019
386,BHARTIARTL,Sep 2024,2896,84202,225541,148344,460982,330199,8753,34438,87592,460982
387,BHEL,Mar 2013,490,30059,2698,38572,71818,4667,2467,6,64679,71818
388,BHEL,Mar 2014,490,32681,4693,37468,75331,4729,2931,6,67665,75331
389,BHEL,Mar 2015,490,33717,1889,34887,70983,4230,2614,6,64134,70983
390,BHEL,Mar 2016,490,31825,211,33051,65577,3969,318,796,60494,65577
391,BHEL,Mar 2017,490,31899,156,29153,61698,3601,168,757,57171,61698
392,BHEL,Mar 2018,734,31601,110,31495,63940,3073,203,429,60235,63940
393,BHEL,Mar 2019,696,30208,2598,30987,64490,2970,235,152,61132,64490
394,BHEL,Mar 2020,696,27964,5080,26550,60291,2817,314,162,56998,60291
395,BHEL,Mar 2021,696,25287,4951,25025,55960,2491,420,185,52864,55960
396,BHEL,Mar 2022,696,25810,4830,25654,56991,2398,431,205,53956,56991
397,BHEL,Mar 2023,696,23682,5454,27832,57664,2476,354,235,54599,57664
398,BHEL,Mar 2024,696,23742,8856,26493,59788,2574,308,256,56650,59788
399,BHEL,Sep 2024,696,23503,9128,28466,61793,2571,311,267,58645,61793
400,BOSCHLTD,Dec 2012,31,5542,230,2098,7902,863,408,1529,5102,7902
401,BOSCHLTD,Dec 2013,31,6263,183,2414,8891,938,440,2202,5311,8891
402,BOSCHLTD,Mar 2015,31,7316,111,2973,10431,968,276,2890,6298,10431
403,BOSCHLTD,Mar 2016,31,9504,50,2848,12433,1149,151,4628,6505,12433
404,BOSCHLTD,Mar 2017,30,8769,0,3000,11800,1514,129,3927,6231,11800
405,BOSCHLTD,Mar 2018,30,9951,0,3946,13927,1318,313,5240,7056,13927
406,BOSCHLTD,Mar 2019,30,9097,0,3583,12710,1176,644,4054,6836,12710
407,BOSCHLTD,Mar 2020,30,9240,74,3977,13320,1342,487,4042,7450,13320
408,BOSCHLTD,Mar 2021,30,9793,54,4898,14774,1241,488,5157,7888,14774
409,BOSCHLTD,Mar 2022,30,10658,73,4650,15410,1211,606,5528,8066,15410
410,BOSCHLTD,Mar 2023,30,10983,53,5194,16259,1731,366,5023,9140,16259
411,BOSCHLTD,Mar 2024,30,12034,39,5252,17355,1770,224,5125,10236,17355
412,BOSCHLTD,Sep 2024,30,12708,31,5752,18521,1653,282,5821,10766,18521
413,BPCL,Mar 2013,723,16052,33157,29696,79628,24721,7463,7470,39974,79628
414,BPCL,Mar 2014,723,18717,33152,35868,88460,27580,9372,6985,44523,88460
415,BPCL,Mar 2015,723,21839,25492,38268,86322,29109,15787,7712,33714,86322
416,BPCL,Mar 2016,656,27138,23388,35241,86422,25358,17459,9401,34203,86422
417,BPCL,Mar 2017,1311,29508,35725,42541,109086,33684,16834,21327,37241,109086
418,BPCL,Mar 2018,1967,34652,37659,46078,120356,45539,9875,23725,41217,120356
419,BPCL,Mar 2019,1967,36798,44839,53322,136926,49315,13654,24907,49050,136926
420,BPCL,Mar 2020,1967,34565,65476,48852,150860,60175,17757,27029,45900,150860
421,BPCL,Mar 2021,2093,51462,54532,52891,160978,64098,17037,26768,53075,160978
422,BPCL,Mar 2022,2129,49776,64534,71089,187529,83901,15433,23616,64578,187529
423,BPCL,Mar 2023,2129,51393,69376,65210,188109,86675,16249,26778,58406,188109
424,BPCL,Mar 2024,2136,73499,54599,72184,202418,86798,20204,26631,68785,202418
425,BPCL,Sep 2024,4273,72835,58880,75238,211226,100261,9127,27239,74599,211226
426,BRITANNIA,Mar 2013,24,534,380,946,1883,737,147,108,891,1883
427,BRITANNIA,Mar 2014,24,774,150,1159,2107,848,107,198,954,2107
428,BRITANNIA,Mar 2015,24,1221,145,1403,2793,844,48,518,1383,2793
429,BRITANNIA,Mar 2016,24,2068,131,1271,3494,950,90,788,1665,3494
430,BRITANNIA,Mar 2017,24,2672,125,1288,4109,1160,30,487,2432,4109
431,BRITANNIA,Mar 2018,24,3382,201,1581,5188,1346,203,1079,2560,5188
432,BRITANNIA,Mar 2019,24,4229,156,1829,6238,1688,101,1476,2972,6238
433,BRITANNIA,Mar 2020,24,4379,1538,1889,7830,1878,40,2893,3019,7830
434,BRITANNIA,Mar 2021,24,3524,2122,2331,8000,1793,117,2781,3310,8000
435,BRITANNIA,Mar 2022,24,2534,2481,2487,7527,1753,536,1762,3475,7527
436,BRITANNIA,Mar 2023,24,3510,2997,2819,9351,2655,105,3324,3266,9351
437,BRITANNIA,Mar 2024,24,3917,2065,3065,9072,2771,188,2767,3346,9072
438,BRITANNIA,Sep 2024,24,3186,2754,3503,9467,2950,56,2368,4092,9467
439,CANBK,Mar 2013,443,24733,376040,18108,419324,2883,1,127534,288907,419324
440,CANBK,Mar 2014,461,29715,447913,23000,501090,6661,1,135445,358982,501090
441,CANBK,Mar 2015,475,32017,499488,26578,558558,6969,1,152122,399466,558558
442,CANBK,Mar 2016,543,31867,506712,24603,563725,7206,0,152470,404049,563725
443,CANBK,Mar 2017,597,34088,534858,26615,596159,7185,0,162073,426901,596159
444,CANBK,Mar 2018,733,36164,563756,30781,631435,8335,0,157444,465657,631435
445,CANBK,Mar 2019,753,36936,640166,33928,711783,8433,0,168678,534672,711783
446,CANBK,Mar 2020,1030,40176,668170,32064,741440,8323,0,192645,540472,741440
447,CANBK,Mar 2021,1647,60763,1060998,56132,1179540,11269,2,286191,882077,1179540
448,CANBK,Mar 2022,1814,68147,1132626,56202,1258789,11447,2,311347,935992,1258789
449,CANBK,Mar 2023,1814,76240,1237160,65816,1381030,10334,0,352893,1017803,1381030
450,CANBK,Mar 2024,1814,90319,1369780,73104,1535018,12331,0,399207,1123480,1535018
451,CHOLAFIN,Mar 2013,143,1809,15269,1007,18228,73,0,172,17984,18228
452,CHOLAFIN,Mar 2014,143,2144,18075,1182,21544,74,0,39,21431,21544
453,CHOLAFIN,Mar 2015,144,2531,19950,1243,23868,69,0,25,23775,23868
454,CHOLAFIN,Mar 2016,156,3514,22546,1673,27889,120,0,16,27753,27889
455,CHOLAFIN,Mar 2017,156,4142,24071,2230,30598,150,0,182,30266,30598
456,CHOLAFIN,Mar 2018,156,4969,38330,711,44167,170,4,23,43970,44167
457,CHOLAFIN,Mar 2019,156,6052,50567,715,57490,167,14,42,57267,57490
458,CHOLAFIN,Mar 2020,164,8036,55005,853,64058,283,11,33,63732,64058
459,CHOLAFIN,Mar 2021,164,9436,63730,1314,74644,228,10,1583,72823,74644
460,CHOLAFIN,Mar 2022,164,11605,69174,1536,82478,259,37,2055,80127,82478
461,CHOLAFIN,Mar 2023,164,14182,97358,1923,113627,403,60,3562,109602,113627
462,CHOLAFIN,Mar 2024,168,19425,134475,2618,156686,1563,13,4036,151075,156686
463,CHOLAFIN,Sep 2024,168,21243,157943,2591,181945,1669,0,5787,174489,181945
464,CIPLA,Mar 2013,161,8858,967,1672,11658,3610,378,2532,5138,11658
465,CIPLA,Mar 2014,161,9890,1248,2102,13400,6496,442,709,5753,13400
466,CIPLA,Mar 2015,161,10641,1703,3166,15670,6830,581,640,7620,15670
467,CIPLA,Mar 2016,161,11356,5202,4331,21049,9368,2061,759,8862,21049
468,CIPLA,Mar 2017,161,12383,4113,4213,20869,9492,1683,973,8721,20869
469,CIPLA,Mar 2018,161,14068,4098,4346,22673,9950,981,1259,10483,22673
470,CIPLA,Mar 2019,161,14851,4316,4433,23762,9608,676,2554,10923,23762
471,CIPLA,Mar 2020,161,15602,2816,4843,23423,9683,825,1471,11444,23423
472,CIPLA,Mar 2021,161,18165,2014,4514,24855,9516,969,2710,11661,24855
473,CIPLA,Mar 2022,161,20680,1056,4960,26857,9683,766,2551,13857,26857
474,CIPLA,Mar 2023,161,23246,803,5089,29300,9160,1093,3662,15384,29300
475,CIPLA,Mar 2024,161,26545,559,5267,32533,9607,1153,5449,16323,32533
476,CIPLA,Sep 2024,162,28201,461,5832,34655,10342,1097,4995,18221,34655
477,COALINDIA,Mar 2013,6316,42156,1305,61206,110983,13466,3496,2395,91626,110983
478,COALINDIA,Mar 2014,6316,36088,178,62356,104938,14784,4316,3775,82063,104938
479,COALINDIA,Mar 2015,6316,34037,408,70505,111267,16115,5159,2813,87179,111267
480,COALINDIA,Mar 2016,6316,28517,1199,77528,113560,22082,4553,2906,84018,113560
481,COALINDIA,Mar 2017,6207,18311,3014,91054,118587,23811,8585,1483,84708,118587
482,COALINDIA,Mar 2018,6207,13971,1538,103754,125471,27574,10273,1704,85920,125471
483,COALINDIA,Mar 2019,6163,20292,2210,104356,133021,32618,9658,3170,87576,133021
484,COALINDIA,Mar 2020,6163,25994,6434,111430,150020,36784,8328,1973,102936,150020
485,COALINDIA,Mar 2021,6163,30355,5884,118649,161051,42405,10490,5950,102206,161051
486,COALINDIA,Mar 2022,6163,36980,3514,132780,179436,46677,12897,8921,110942,179436
487,COALINDIA,Mar 2023,6163,54680,4331,156222,221396,64547,17622,7139,132087,221396
488,COALINDIA,Mar 2024,6163,76567,6523,147217,236470,75668,18960,7110,134731,236470
489,COALINDIA,Sep 2024,6163,90034,7816,145345,249359,83642,16129,9058,140529,249359
490,DABUR,Mar 2013,174,1921,1151,1462,4709,1582,93,929,2105,4709
491,DABUR,Mar 2014,174,2482,708,1948,5312,1767,22,1076,2447,5312
492,DABUR,Mar 2015,176,3178,734,2019,6106,1877,50,1813,2365,6106
493,DABUR,Mar 2016,176,3995,805,1956,6932,1667,45,2691,2529,6932
494,DABUR,Mar 2017,176,4671,975,1910,7732,1958,42,3240,2492,7732
495,DABUR,Mar 2018,176,5530,938,2058,8702,2028,42,3805,2827,8702
496,DABUR,Mar 2019,177,5455,699,2106,8437,1969,64,3359,3045,8437
497,DABUR,Mar 2020,177,6429,522,2209,9337,2253,147,2800,4137,9337
498,DABUR,Mar 2021,177,7487,509,2661,10833,2243,147,4160,4283,10833
499,DABUR,Mar 2022,177,8205,1030,2872,12284,2308,168,6220,3589,12284
500,DABUR,Mar 2023,177,8796,1174,3505,13652,3579,175,6265,3633,13652
501,DABUR,Mar 2024,177,9689,1365,3885,15116,3815,232,6933,4136,15116
502,DABUR,Sep 2024,177,10185,1752,4259,16373,3874,190,7599,4710,16373
503,DIVISLAB,Mar 2013,27,2474,33,605,3139,909,303,408,1519,3139
504,DIVISLAB,Mar 2014,27,2937,18,729,3710,1222,144,502,1842,3710
505,DIVISLAB,Mar 2015,27,3469,27,883,4405,1309,218,733,2145,4405
506,DIVISLAB,Mar 2016,53,4240,42,562,4898,1439,264,803,2392,4898
507,DIVISLAB,Mar 2017,53,5304,36,762,6155,1559,444,1631,2521,6155
508,DIVISLAB,Mar 2018,53,5872,63,797,6785,1996,120,1889,2780,6785
509,DIVISLAB,Mar 2019,53,6904,106,973,8036,2088,492,1946,3511,8036
510,DIVISLAB,Mar 2020,53,7257,39,1183,8531,2782,920,971,3858,8531
511,DIVISLAB,Mar 2021,53,9242,5,1471,10771,3704,711,0,6356,10771
512,DIVISLAB,Mar 2022,53,11675,4,1628,13360,4325,470,72,8493,13360
513,DIVISLAB,Mar 2023,53,12714,4,1654,14425,4722,212,77,9414,14425
514,DIVISLAB,Mar 2024,53,13518,3,1886,15460,4739,778,82,9861,15460
515,DIVISLAB,Sep 2024,53,13664,8,1861,15586,4658,1316,85,9527,15586
516,DLF,Mar 2013,340,25389,26600,12318,64647,19849,7834,1334,35630,64647
517,DLF,Mar 2014,356,27039,24133,12997,64525,18835,5979,891,38820,64525
518,DLF,Mar 2015,356,27013,24495,14398,66262,19619,5901,623,40119,66262
519,DLF,Mar 2016,357,23712,25264,12396,61729,3943,1779,21310,34697,61729
520,DLF,Mar 2017,357,24216,29202,10179,63954,24640,153,1209,37952,63954
521,DLF,Mar 2018,357,34954,17491,7783,60585,8082,137,20832,31533,60585
522,DLF,Mar 2019,441,33135,17222,15684,66483,6322,103,21005,39053,66483
523,DLF,Mar 2020,495,33952,8103,13341,55890,5187,89,18566,32049,55890
524,DLF,Mar 2021,495,34849,6886,11258,53488,4856,95,19746,28791,53488
525,DLF,Mar 2022,495,35867,4182,10623,51167,4862,81,19779,26444,51167
526,DLF,Mar 2023,495,37192,3334,11551,52572,4785,61,19481,28245,52572
527,DLF,Mar 2024,495,38936,4834,14804,59069,3880,71,20138,34981,59069
528,DLF,Sep 2024,495,39732,4290,18062,62579,3836,73,20900,37770,62579
529,DMART,Mar 2013,544,245,526,176,1492,925,118,16,433,1492
530,DMART,Mar 2014,547,409,641,211,1808,1172,89,16,532,1808
531,DMART,Mar 2015,562,638,904,251,2355,1528,98,15,713,2355
532,DMART,Mar 2016,562,959,1192,389,3102,2094,82,29,897,3102
533,DMART,Mar 2017,624,3218,1497,480,5819,2578,153,26,3063,5819
534,DMART,Mar 2018,624,4045,439,540,5648,3400,147,68,2033,5648
535,DMART,Mar 2019,624,4963,700,718,7006,4400,377,17,2212,7006
536,DMART,Mar 2020,648,10432,333,663,12076,5948,364,15,5749,12076
537,DMART,Mar 2021,648,11536,393,1079,13655,7009,1020,3,5624,13655
538,DMART,Mar 2022,648,13030,647,1146,15471,9260,1129,6,5076,15471
539,DMART,Mar 2023,648,15430,643,1383,18105,11340,829,202,5733,18105
540,DMART,Mar 2024,651,18047,592,1882,21172,13415,935,107,6716,21172
541,DMART,Sep 2024,651,19487,713,2189,23040,14542,1107,87,7304,23040
542,DRREDDY,Mar 2013,85,6284,3682,3329,13380,4051,565,197,8567,13380
543,DRREDDY,Mar 2014,85,7780,4477,3563,15906,4641,639,1067,9559,15906
544,DRREDDY,Mar 2015,85,9768,4314,4290,18457,5377,529,2248,10303,18457
545,DRREDDY,Mar 2016,85,12484,3352,4408,20330,6563,772,3833,9162,20330
546,DRREDDY,Mar 2017,83,12179,4918,4474,21654,6931,3324,2110,9290,21654
547,DRREDDY,Mar 2018,83,12489,5071,4706,22349,6968,3470,2298,9612,22349
548,DRREDDY,Mar 2019,83,13941,3838,4557,22418,7191,2934,2587,9707,22418
549,DRREDDY,Mar 2020,83,15516,2210,5414,23223,6850,1535,2678,12160,23223
550,DRREDDY,Mar 2021,83,17558,3031,5915,26588,8206,1565,2212,14605,26588
551,DRREDDY,Mar 2022,83,19129,3384,7149,29746,8122,1293,2616,17715,29746
552,DRREDDY,Mar 2023,83,23203,1347,7576,32209,9219,1030,4986,16974,32209
553,DRREDDY,Mar 2024,83,28171,2002,8523,38780,10426,1419,4930,22004,38780
554,DRREDDY,Sep 2024,83,30666,4854,11125,46728,17254,1852,3663,23960,46728
555,EICHERMOT,Dec 2012,27,1728,23,2694,4471,992,504,638,2337,4471
556,EICHERMOT,Dec 2013,27,2028,84,3197,5337,1656,464,825,2391,5337
557,EICHERMOT,Dec 2014,27,2489,58,3829,6403,2309,419,1078,2597,6403
558,EICHERMOT,Mar 2016,27,3626,23,1263,4939,790,94,3388,667,4939
559,EICHERMOT,Mar 2017,27,5318,112,1552,7009,873,374,4987,775,7009
560,EICHERMOT,Mar 2018,27,7003,151,2341,9522,1502,333,5581,2106,9522
561,EICHERMOT,Mar 2019,27,8891,187,2281,11387,1875,450,4923,4140,11387
562,EICHERMOT,Mar 2020,27,9954,249,2220,12450,2378,312,5749,4011,12450
563,EICHERMOT,Mar 2021,27,11411,219,2901,14559,2433,314,3902,7909,14559
564,EICHERMOT,Mar 2022,27,12581,108,3424,16140,2424,505,7721,5490,16140
565,EICHERMOT,Mar 2023,27,14963,288,3919,19198,2690,472,12321,3715,19198
566,EICHERMOT,Mar 2024,27,18018,419,4650,23115,2914,555,13527,6119,23115
567,EICHERMOT,Sep 2024,27,18952,404,4997,24380,3490,230,14693,5968,24380
568,GAIL,Mar 2013,1268,27526,16472,14542,59809,24303,18376,1254,15876,59809
569,GAIL,Mar 2014,1268,31188,18537,15872,66865,27779,18490,1282,19314,66865
570,GAIL,Mar 2015,1268,32754,18291,17355,69669,33976,13806,1272,20615,69669
571,GAIL,Mar 2016,1268,35135,9052,13608,59063,29946,3688,9844,15584,59063
572,GAIL,Mar 2017,1691,37614,6553,12433,58291,30092,4126,10125,13948,58291
573,GAIL,Mar 2018,2255,39424,3876,15798,61353,30480,5938,10452,14482,61353
574,GAIL,Mar 2019,2255,43749,2224,20199,68426,32700,9738,10722,15267,68426
575,GAIL,Mar 2020,4510,44758,6912,18754,74934,38230,11666,9893,15145,74934
576,GAIL,Mar 2021,4440,48742,7873,19975,81030,41160,13400,13058,13413,81030
577,GAIL,Mar 2022,4440,59674,9216,23254,96584,44572,15490,16408,20114,96584
578,GAIL,Mar 2023,6575,58352,17816,25062,107805,49697,16646,17248,24214,107805
579,GAIL,Mar 2024,6575,70422,21794,25944,124735,55188,23627,21910,24010,124735
580,GAIL,Sep 2024,6575,77234,19632,25548,128989,54348,26281,24103,24257,128989
581,GODREJCP,Mar 2013,34,3279,2456,1926,7695,4496,141,121,2937,7695
582,GODREJCP,Mar 2014,34,3741,2373,2171,8320,5121,167,136,2895,8320
583,GODREJCP,Mar 2015,34,4277,2717,2097,9125,5551,225,186,3164,9125
584,GODREJCP,Mar 2016,34,4233,2891,2521,9679,5931,44,190,3514,9679
585,GODREJCP,Mar 2017,34,5268,4001,3637,12940,8083,97,934,3826,12940
586,GODREJCP,Mar 2018,68,6190,3508,4098,13864,8315,84,997,4468,13864
587,GODREJCP,Mar 2019,102,7165,3382,3445,14094,8670,52,516,4855,14094
588,GODREJCP,Mar 2020,102,7796,3575,3407,14880,9231,57,672,4920,14880
589,GODREJCP,Mar 2021,102,9337,1864,2941,14244,8905,57,679,4602,14244
590,GODREJCP,Mar 2022,102,11454,1704,2822,16082,9219,116,1015,5731,16082
591,GODREJCP,Mar 2023,102,13692,1130,2513,17437,9934,45,3029,4429,17437
592,GODREJCP,Mar 2024,102,12496,3222,2571,18392,10440,83,3504,4365,18392
593,GODREJCP,Sep 2024,102,12068,3828,2986,18984,10498,199,3517,4771,18984
594,GRASIM,Mar 2013,92,19565,9550,14916,44123,20561,6084,8011,9467,44123
595,GRASIM,Mar 2014,92,21523,9681,16441,47736,25209,4045,7611,10872,47736
596,GRASIM,Mar 2015,92,23048,11930,18963,54033,31828,2755,7255,12194,54033
597,GRASIM,Mar 2016,93,27336,12505,19642,59576,34271,1788,10601,12916,59576
598,GRASIM,Mar 2017,93,31294,9213,22147,62747,34786,1297,14200,12464,62747
599,GRASIM,Mar 2018,131,57230,67070,83467,207899,69257,2290,65995,70356,207899
600,GRASIM,Mar 2019,132,57888,84487,98620,241127,87129,2766,62747,88484,241127
601,GRASIM,Mar 2020,132,56501,84777,102772,244181,87736,3904,66337,86204,244181
602,GRASIM,Mar 2021,132,65362,79078,122777,267349,85023,5769,88017,88540,267349
603,GRASIM,Mar 2022,132,75567,74744,138706,289149,88996,6615,96766,96771,289149
604,GRASIM,Mar 2023,132,78610,103039,155042,336823,94896,7778,105355,128793,336823
605,GRASIM,Mar 2024,133,88520,137155,186309,412116,100494,18358,129306,163959,412116
606,GRASIM,Sep 2024,134,92784,158159,197376,448454,109643,15903,102453,220454,448454
607,HAL,Mar 2016,5,115,18,38,176,84,21,0,71,176
608,HAL,Mar 2017,5,128,2,34,170,75,1,22,72,170
609,HAL,Mar 2018,5,125,3,33,166,66,1,24,74,166
610,HAL,Mar 2019,5,128,8,33,175,59,0,22,93,175
611,HAL,Mar 2020,5,133,2,33,173,50,0,18,104,173
612,HAL,Mar 2021,5,139,6,36,186,45,0,17,124,186
613,HAL,Mar 2022,5,148,12,36,202,45,1,29,127,202
614,HAL,Mar 2023,5,172,47,47,271,57,23,35,156,271
615,HAL,Mar 2024,5,194,123,127,450,240,9,43,158,450
616,HAL,Sep 2024,5,202,124,145,476,244,3,48,181,476
630,HCLTECH,Jun 2013,139,13025,1044,8191,22399,6753,494,713,14440,22399
631,HCLTECH,Jun 2014,140,19410,1018,9412,29980,7444,531,662,21343,29980
632,HCLTECH,Jun 2015,281,23943,648,10372,35245,8275,552,869,25548,35245
633,HCLTECH,Mar 2016,282,27109,1090,10859,39341,9716,611,698,28315,39341
634,HCLTECH,Mar 2017,285,32664,582,12231,45762,15235,448,1306,28773,45762
635,HCLTECH,Mar 2018,278,36108,557,11046,47989,18753,320,2660,26256,47989
636,HCLTECH,Mar 2019,271,41095,4195,12788,58349,22888,235,2305,32921,58349
637,HCLTECH,Mar 2020,543,50724,7986,23566,82819,37490,400,7066,37863,82819
638,HCLTECH,Mar 2021,543,59370,6864,19270,86047,37145,312,6862,41728,86047
639,HCLTECH,Mar 2022,543,61371,6343,20664,88921,35077,129,6351,47364,88921
640,HCLTECH,Mar 2023,543,64862,4794,23051,93250,34619,40,5495,53096,93250
641,HCLTECH,Mar 2024,543,67720,5758,24985,99006,35063,108,7137,56698,99006
642,HCLTECH,Sep 2024,543,68332,5791,25097,99763,34480,172,7642,57469,99763
643,HAVELLS,Mar 2013,62,1380,982,2034,4458,1500,25,0,2933,4458
644,HAVELLS,Mar 2014,62,1604,1054,2613,5332,1600,44,0,3688,5332
645,HAVELLS,Mar 2015,62,1756,424,2546,4788,1541,38,0,3209,4788
646,HAVELLS,Mar 2016,62,2965,134,1225,4387,1224,20,189,2954,4387
647,HAVELLS,Mar 2017,62,3214,208,1683,5168,1300,12,162,3694,5168
648,HAVELLS,Mar 2018,63,3667,115,2763,6608,2819,24,0,3765,6608
649,HAVELLS,Mar 2019,63,4135,94,2856,7148,2904,233,0,4012,7148
650,HAVELLS,Mar 2020,63,4249,72,2690,7073,3350,86,0,3638,7073
651,HAVELLS,Mar 2021,63,5114,521,3155,8852,3290,90,306,5166,8852
652,HAVELLS,Mar 2022,63,5940,616,3904,10523,3434,57,426,6606,10523
653,HAVELLS,Mar 2023,63,6563,223,4309,11157,3621,166,201,7170,11157
654,HAVELLS,Mar 2024,63,7384,303,4683,12433,3988,299,20,8126,12433
655,HAVELLS,Sep 2024,63,7731,332,4718,12843,4488,130,20,8206,12843
656,HDFCBANK,Mar 2013,476,36167,335588,35492,407723,2773,0,110960,293989,407723
657,HDFCBANK,Mar 2014,480,43687,416677,42776,503620,3026,0,119571,381023,503620
658,HDFCBANK,Mar 2015,501,62653,509762,34181,607097,3225,0,149454,454417,607097
659,HDFCBANK,Mar 2016,506,73798,649587,38321,762212,3667,0,193634,564912,762212
660,HDFCBANK,Mar 2017,513,91281,741550,59000,892344,4000,0,210777,677567,892344
661,HDFCBANK,Mar 2018,519,109080,944817,48770,1103186,4008,0,238461,860717,1103186
662,HDFCBANK,Mar 2019,545,153128,1080235,58898,1292806,4369,0,289446,998991,1292806
663,HDFCBANK,Mar 2020,548,175810,1333041,71430,1580830,4776,0,389305,1186750,1580830
664,HDFCBANK,Mar 2021,551,209259,1511418,78279,1799507,5248,0,438823,1355435,1799507
665,HDFCBANK,Mar 2022,555,246772,1784970,90639,2122934,6432,0,449264,1667238,2122934
666,HDFCBANK,Mar 2023,558,288880,2139212,101783,2530432,8431,0,511582,2010419,2530432
667,HDFCBANK,Mar 2024,760,455636,3107503,466296,4030194,12604,0,1005682,3011909,4030194
668,HDFCLIFE,Mar 2013,1995,-658,0,40581,41918,252,29,40404,1232,41918
669,HDFCLIFE,Mar 2014,1995,-67,0,50347,52275,279,10,50527,1458,52275
670,HDFCLIFE,Mar 2015,1995,546,0,66767,69309,346,6,67024,1932,69309
671,HDFCLIFE,Mar 2016,1995,1108,0,73441,76544,335,12,74144,2053,76544
672,HDFCLIFE,Mar 2017,1998,1828,0,91270,95097,337,16,91723,3020,95097
673,HDFCLIFE,Mar 2018,2012,2693,0,105778,110483,336,5,106590,3551,110483
674,HDFCLIFE,Mar 2019,2017,3625,0,124378,130020,370,10,124958,4682,130020
675,HDFCLIFE,Mar 2020,2019,4788,0,125417,132224,322,8,127256,4637,132224
676,HDFCLIFE,Mar 2021,2021,6619,600,170415,179655,585,14,173564,5493,179655
677,HDFCLIFE,Mar 2022,2113,13501,600,214521,230734,6605,20,216551,7559,230734
678,HDFCLIFE,Mar 2023,2149,10844,950,234126,248069,997,31,238197,8844,248069
679,HDFCLIFE,Mar 2024,2151,12515,950,287071,302687,1549,28,291128,9982,302687
680,HDFCLIFE,Sep 2024,2152,13452,950,320201,336755,460,0,325023,11272,336755
681,HEROMOTOCO,Mar 2014,40,5583,284,4215,10122,2247,855,4106,2914,10122
682,HEROMOTOCO,Mar 2015,40,6500,100,4014,10654,2952,719,3118,3864,10654
683,HEROMOTOCO,Mar 2016,40,8794,232,3829,12896,3784,653,4501,3958,12896
684,HEROMOTOCO,Mar 2017,40,10276,261,4736,15312,4599,581,6066,4066,15312
685,HEROMOTOCO,Mar 2018,40,11932,228,5197,17397,4961,355,7669,4411,17397
686,HEROMOTOCO,Mar 2019,40,13080,312,5072,18504,4952,573,6114,6865,18504
687,HEROMOTOCO,Mar 2020,40,14366,453,4815,19674,6473,391,8359,4451,19674
688,HEROMOTOCO,Mar 2021,40,15376,584,7096,23096,6380,495,10582,5639,23096
689,HEROMOTOCO,Mar 2022,40,15807,605,6027,22478,6194,517,10528,5240,22478
690,HEROMOTOCO,Mar 2023,40,16616,568,6694,23917,6159,454,10891,6413,23917
691,HEROMOTOCO,Mar 2024,40,17659,606,7847,26153,6232,484,12751,6685,26153
692,HEROMOTOCO,Sep 2024,40,18971,588,9663,29261,6588,145,14980,7548,29261
693,HINDALCO,Mar 2013,191,35139,56951,28309,120590,37929,33834,12601,36226,120590
694,HINDALCO,Mar 2014,206,40398,64756,32621,137982,61163,23059,12961,40798,137982
695,HINDALCO,Mar 2015,207,38122,68468,34950,141746,71959,14111,12346,43330,141746
696,HINDALCO,Mar 2016,207,40402,67552,32986,141146,85648,4214,12463,38821,141146
697,HINDALCO,Mar 2017,223,45836,63817,36268,146144,84687,1814,15157,44486,146144
698,HINDALCO,Mar 2018,223,54629,52074,40088,147014,85088,2063,10781,49081,147014
699,HINDALCO,Mar 2019,222,57279,52415,42056,151972,85860,4097,9012,53003,151972
700,HINDALCO,Mar 2020,222,58095,68399,41902,168618,89195,7721,9411,62291,168618
701,HINDALCO,Mar 2021,222,66311,67206,55083,188822,100269,10202,17133,61218,188822
702,HINDALCO,Mar 2022,222,77969,64486,79178,221855,106874,4945,14119,95917,221855
703,HINDALCO,Mar 2023,222,94584,60291,68392,223489,110626,7700,14116,91047,223489
704,HINDALCO,Mar 2024,222,105924,56356,68221,230723,111810,14867,15444,88602,230723
705,HINDALCO,Sep 2024,222,114954,60959,76129,252264,111404,22341,22453,96066,252264
706,HINDUNILVR,Mar 2013,216,2649,25,9202,12092,2431,222,2252,7186,12092
707,HINDUNILVR,Mar 2014,216,3321,46,10171,13754,2746,373,2838,7797,13754
708,HINDUNILVR,Mar 2015,216,3811,43,10359,14430,2821,516,3025,8067,14430
709,HINDUNILVR,Mar 2016,216,6357,177,8043,14793,3258,408,2592,8535,14793
710,HINDUNILVR,Mar 2017,216,6528,277,8685,15706,4419,229,3794,7264,15706
711,HINDUNILVR,Mar 2018,216,7065,0,10581,17862,4528,461,2873,10000,17862
712,HINDUNILVR,Mar 2019,216,7651,99,10663,18629,4715,406,2716,10792,18629
713,HINDUNILVR,Mar 2020,216,8013,0,11924,20153,5479,597,1255,12822,20153
714,HINDUNILVR,Mar 2021,235,47439,0,21066,68740,51443,745,2709,13843,68740
715,HINDUNILVR,Mar 2022,235,48826,1043,20402,70506,51473,1313,3521,14199,70506
716,HINDUNILVR,Mar 2023,235,50069,1219,21554,73077,52678,1132,2882,16385,73077
717,HINDUNILVR,Mar 2024,235,50983,1484,25787,78489,53744,1025,4625,19095,78489
718,HINDUNILVR,Sep 2024,235,50541,1651,28338,80765,54027,1022,4316,21400,80765
719,ICICIBANK,Mar 2013,1154,67609,487659,118401,674822,5473,0,255667,413682,674822
720,ICICIBANK,Mar 2014,1155,75275,543055,128278,747762,5507,0,267609,474646,747762
721,ICICIBANK,Mar 2015,1160,83545,597207,144167,826079,5871,0,274311,545897,826079
722,ICICIBANK,Mar 2016,1163,92948,671455,153190,918756,8713,0,286044,623999,918756
723,ICICIBANK,Mar 2017,1165,103467,700874,180219,985725,9338,0,304373,672013,985725
724,ICICIBANK,Mar 2018,1286,109344,815198,198453,1124281,9465,0,372208,742608,1124281
725,ICICIBANK,Mar 2019,1289,112964,891641,232899,1238794,9660,0,398201,830933,1238794
726,ICICIBANK,Mar 2020,1295,121665,1014636,239696,1377292,10409,0,443473,923411,1377292
727,ICICIBANK,Mar 2021,1383,156204,1103840,312385,1573812,10809,0,536579,1026424,1573812
728,ICICIBANK,Mar 2022,1390,180663,1252968,317616,1752637,10707,0,567098,1174833,1752637
729,ICICIBANK,Mar 2023,1397,213101,1399894,344099,1958490,11070,0,639552,1307868,1958490
730,ICICIBANK,Mar 2024,1405,254739,1651008,456911,2364063,15714,0,827163,1521186,2364063
731,ICICIGI,Mar 2013,437,1433,0,10767,12637,390,10,7800,4436,12637
732,ICICIGI,Mar 2014,445,1949,0,12350,14744,373,17,9290,5064,14744
733,ICICIGI,Mar 2015,447,2439,0,11760,14646,381,9,10200,4056,14646
734,ICICIGI,Mar 2016,448,2789,0,12440,15676,510,10,11426,3730,15676
735,ICICIGI,Mar 2017,451,3450,485,18965,23351,516,11,14806,8018,23351
736,ICICIGI,Mar 2018,454,4087,485,24723,29750,368,38,18193,11151,29750
737,ICICIGI,Mar 2019,454,4946,485,27517,33403,1965,17,20714,10707,33403
738,ICICIGI,Mar 2020,454,5680,485,30423,37042,664,12,26327,10039,37042
739,ICICIGI,Mar 2021,455,7144,485,31214,39298,717,14,30788,7779,39298
740,ICICIGI,Mar 2022,491,8702,255,41401,50848,941,11,38412,11485,50848
741,ICICIGI,Mar 2023,491,9953,35,44607,55086,883,25,42836,11342,55086
742,ICICIGI,Mar 2024,493,11712,35,51068,63308,930,94,48584,13700,63308
743,ICICIGI,Sep 2024,495,13130,0,54389,68014,760,0,51557,15697,68014
744,ICICIPRULI,Mar 2013,1429,2532,0,71260,75220,165,7,73716,1332,75220
745,ICICIPRULI,Mar 2014,1429,2954,0,77090,81474,197,5,80101,1171,81474
746,ICICIPRULI,Mar 2015,1432,3833,0,95951,101215,209,6,99491,1509,101215
747,ICICIPRULI,Mar 2016,1432,3891,1029,98413,104765,212,7,103024,1522,104765
748,ICICIPRULI,Mar 2017,1435,4971,0,118335,124741,207,7,121581,2946,124741
749,ICICIPRULI,Mar 2018,1436,5138,0,135245,141819,404,18,138537,2859,141819
750,ICICIPRULI,Mar 2019,1436,5435,0,156215,163086,463,13,159003,3607,163086
751,ICICIPRULI,Mar 2020,1436,5777,0,148818,156031,932,20,150776,4303,156031
752,ICICIPRULI,Mar 2021,1436,7673,1200,206911,217220,911,22,211727,4560,217220
753,ICICIPRULI,Mar 2022,1437,7721,1200,234079,244437,433,54,238101,5848,244437
754,ICICIPRULI,Mar 2023,1439,8651,1200,244562,255851,479,117,248216,7039,255851
755,ICICIPRULI,Mar 2024,1441,9564,1200,286796,299001,670,49,289728,8553,299001
756,ICICIPRULI,Sep 2024,1444,10130,0,314063,326838,762,0,314855,11220,326838
757,INDIGO,Mar 2013,0.4,4,11,11,26,5,0,0,21,26
758,INDIGO,Mar 2014,0.4,4,14,16,35,10,0,0,25,35
759,INDIGO,Mar 2015,0.4,26,4,30,61,12,1,1,46,61
760,INDIGO,Mar 2016,0.4,129,8,58,196,13,0,124,58,196
761,INDIGO,Mar 2017,29,69,52,97,246,91,2,16,137,246
762,INDIGO,Mar 2018,29,71,54,125,279,95,2,15,167,279
763,INDIGO,Mar 2019,29,100,88,156,373,149,4,20,201,373
764,INDIGO,Mar 2020,29,150,75,169,422,201,1,21,199,422
765,INDIGO,Mar 2021,48,516,9,239,811,249,3,50,509,811
766,INDIGO,Mar 2022,48,602,12,258,920,253,51,173,442,920
767,INDIGO,Mar 2023,48,729,12,274,1062,265,251,132,414,1062
768,INDIGO,Mar 2024,48,867,17,290,1222,548,15,188,471,1222
769,INDIGO,Sep 2024,48,905,20,266,1239,570,64,178,427,1239
770,INDUSINDBK,Mar 2013,523,7107,63576,2100,73307,741,16,19654,52896,73307
771,INDUSINDBK,Mar 2014,526,8517,75264,2719,87026,991,25,21563,64447,87026
772,INDUSINDBK,Mar 2015,529,10115,94752,6390,111787,1120,38,22878,87751,111787
773,INDUSINDBK,Mar 2016,595,17101,117996,7205,142897,1218,37,34054,107587,142897
774,INDUSINDBK,Mar 2017,598,20048,149026,8976,178648,1307,28,36702,140611,178648
775,INDUSINDBK,Mar 2018,600,23241,189928,7856,221626,1313,25,50077,170211,221626
776,INDUSINDBK,Mar 2019,603,26083,242189,8944,277819,1688,22,59266,216843,277819
777,INDUSINDBK,Mar 2020,694,34013,262793,9558,307058,1742,78,59980,245257,307058
778,INDUSINDBK,Mar 2021,773,42592,307528,12080,362973,1734,75,69695,291469,362973
779,INDUSINDBK,Mar 2022,775,46923,341005,13273,401975,1754,95,70971,329155,401975
780,INDUSINDBK,Mar 2023,776,53846,385449,17733,457804,1857,135,83116,372695,457804
781,INDUSINDBK,Mar 2024,778,62019,432404,19734,514935,2001,197,106527,406211,514935
782,INFY,Mar 2013,286,37708,0,8281,46275,7139,1140,2116,35880,46275
783,INFY,Mar 2014,286,44244,0,12436,56966,8378,961,4331,43296,56966
784,INFY,Mar 2015,572,50164,0,15553,66289,11346,776,2270,51897,66289
785,INFY,Mar 2016,1144,60600,0,13354,75098,13386,960,1892,58860,75098
786,INFY,Mar 2017,1144,67838,0,14166,83148,14179,1365,16423,51181,83148
787,INFY,Mar 2018,1088,63835,0,14426,79349,12574,1606,12163,53006,79349
788,INFY,Mar 2019,2170,62778,0,19118,84066,15710,1388,11261,55707,84066
789,INFY,Mar 2020,2122,63328,4633,21717,91800,23789,954,8792,58265,91800
790,INFY,Mar 2021,2124,74227,5325,25835,107511,25505,922,14205,66879,107511
791,INFY,Mar 2022,2098,73252,5474,35905,116729,25800,416,20324,70189,116729
792,INFY,Mar 2023,2069,73338,8299,40890,124596,29225,288,19478,75605,124596
793,INFY,Mar 2024,2071,86045,8359,39545,136020,27622,293,24623,83482,136020
794,INFY,Sep 2024,2072,88391,8804,42603,141870,31917,505,17394,92054,141870
795,IOC,Mar 2013,2428,60609,89671,89170,241878,66774,27240,17351,130514,241878
796,IOC,Mar 2014,2428,65485,94916,103124,265953,72554,38061,15895,139443,265953
797,IOC,Mar 2015,2428,66404,64893,100158,233883,76781,40378,16069,100655,233883
798,IOC,Mar 2016,2370,87610,58552,83184,231715,100033,26219,31185,74278,231715
799,IOC,Mar 2017,4739,97357,63271,108352,273719,115958,16778,43687,97295,273719
800,IOC,Mar 2018,9479,104395,65650,116336,295860,124053,19130,44806,107871,295860
801,IOC,Mar 2019,9181,103288,96765,126128,335363,132494,28281,44112,130476,335363
802,IOC,Mar 2020,9181,86217,129790,104773,329962,147022,32845,35571,114524,329962
803,IOC,Mar 2021,9181,102657,116649,126658,355145,157085,36291,44717,117053,355145
804,IOC,Mar 2022,9181,124354,132020,145327,410882,160514,47469,52352,150546,410882
805,IOC,Mar 2023,13772,125949,148977,153298,441995,180048,51133,52190,158624,441995
806,IOC,Mar 2024,13772,169645,132628,166639,482683,195998,61032,65542,160111,482683
807,IOC,Sep 2024,13772,167594,163401,165544,510310,202737,66316,70178,171079,510310
808,IRCTC,Mar 2015,20,424,0,718,1162,155,16,0,990,1162
809,IRCTC,Mar 2016,20,522,0,895,1437,159,14,0,1264,1437
810,IRCTC,Mar 2017,40,747,0,1040,1826,170,17,0,1639,1826
811,IRCTC,Mar 2018,40,915,0,1365,2319,190,8,0,2122,2319
812,IRCTC,Mar 2019,160,911,0,1523,2594,182,40,0,2372,2594
813,IRCTC,Mar 2020,160,1154,0,1928,3241,285,16,0,2941,3241
814,IRCTC,Mar 2021,160,1296,79,1618,3153,311,24,0,2818,3153
815,IRCTC,Mar 2022,160,1710,105,1909,3884,335,26,0,3522,3884
816,IRCTC,Mar 2023,160,2318,84,2526,5089,351,34,0,4704,5089
817,IRCTC,Mar 2024,160,3070,60,2801,6091,343,443,0,5306,6091
818,IRCTC,Sep 2024,160,3363,42,3234,6800,314,466,15,6005,6800
819,IRFC,Mar 2013,2352,4042,58753,5608,70755,13,0,13,70729,70755
820,IRFC,Mar 2014,3352,4210,69917,6451,83930,13,0,11,83906,83930
821,IRFC,Mar 2015,3584,5098,71270,7696,87647,12,0,9,87626,87647
822,IRFC,Mar 2016,4526,6999,87503,9372,108400,12,0,8,108381,108400
823,IRFC,Mar 2017,6526,5483,106395,11245,129650,12,0,8,129630,129650
824,IRFC,Mar 2018,6526,7402,134006,13534,161468,11,0,14,161443,161468
825,IRFC,Mar 2019,9380,15648,173933,7642,206604,11,0,13,206579,206604
826,IRFC,Mar 2020,11880,18419,234377,10828,275504,11,0,12,275482,275504
827,IRFC,Mar 2021,13069,22845,323145,21423,380482,45,0,12,380424,380482
828,IRFC,Mar 2022,13069,27928,388440,20544,449980,38,0,10,449932,449980
829,IRFC,Mar 2023,13069,31612,418935,26744,490359,19,0,14,490326,490359
830,IRFC,Mar 2024,13069,36110,412039,23865,485082,22,4,54,485003,485082
831,IRFC,Sep 2024,13069,38396,403111,39773,494348,23,0,56,494269,494348
832,ITC,Mar 2013,790,22368,102,12069,35329,12140,2062,5981,15146,35329
833,ITC,Mar 2014,795,26442,242,13369,40848,12921,3117,7284,17526,40848
834,ITC,Mar 2015,802,30934,269,13948,45952,15303,2700,6943,21006,45952
835,ITC,Mar 2016,805,41875,84,8888,51651,15107,2560,11748,22237,51651
836,ITC,Mar 2017,1215,45198,46,9440,55898,15893,3730,17581,18694,55898
837,ITC,Mar 2018,1220,51290,36,11695,64241,16524,5508,22053,20156,64241
838,ITC,Mar 2019,1226,57915,13,12585,71739,19374,4136,25043,23185,71739
839,ITC,Mar 2020,1229,64044,277,11760,77311,21713,3256,28663,23678,77311
840,ITC,Mar 2021,1231,59116,271,13143,73761,23298,4011,24871,21580,73761
841,ITC,Mar 2022,1232,61223,249,14491,77196,24232,3226,24841,24898,77196
842,ITC,Mar 2023,1243,67912,306,16370,85831,25851,3003,29415,27561,85831
843,ITC,Mar 2024,1248,73259,303,16944,91754,27820,2861,31114,29959,91754
844,ITC,Sep 2024,1251,74015,304,18501,94071,29492,1387,28409,34784,94071
845,ONGC,Mar 2013,4278,148250,20686,80211,253424,119644,53385,2128,78267,253424
846,ONGC,Mar 2014,4278,167874,49113,103711,324976,155923,72034,4746,92273,324976
847,ONGC,Mar 2015,4278,176177,53944,103448,337847,179933,63393,4749,89771,337847
848,ONGC,Mar 2016,4278,193536,45500,98459,341772,166277,57668,33387,84440,341772
849,ONGC,Mar 2017,6417,187969,80029,170111,444525,211125,59042,70746,103612,444525
850,ONGC,Mar 2018,6417,197602,106550,148664,459232,226058,61512,67335,104328,459232
851,ONGC,Mar 2019,6290,210644,107742,167667,492343,230391,69056,66909,125987,492343
852,ONGC,Mar 2020,6290,198814,129473,173787,508364,243892,83832,56755,123884,508364
853,ONGC,Mar 2021,6290,214691,133187,187580,541748,243746,100309,60320,137372,541748
854,ONGC,Mar 2022,6290,253213,121986,201771,583260,254402,106719,66642,155496,583260
855,ONGC,Mar 2023,6290,274357,142255,190212,613115,250819,113945,78873,169478,613115
856,ONGC,Mar 2024,6290,330780,153181,219523,709774,298454,116022,102207,193091,709774
857,ONGC,Sep 2024,6290,345986,191489,213848,757614,350438,91497,106077,209602,757614
858,NTPC,Mar 2013,8245,72995,70419,27116,178776,71833,46555,4923,55465,178776
859,NTPC,Mar 2014,8245,79084,81455,31334,200118,84208,53825,3300,58785,200118
860,NTPC,Mar 2015,8245,73849,102252,35366,219712,91853,67555,1902,58403,219712
861,NTPC,Mar 2016,8245,83330,99424,33666,224665,92929,75046,6473,50217,224665
862,NTPC,Mar 2017,8245,89593,113773,36990,248601,104532,86896,7614,49560,248601
863,NTPC,Mar 2018,8245,95318,130049,48880,282492,128245,83386,8876,61985,282492
864,NTPC,Mar 2019,9895,101462,173058,62509,346923,150985,118397,8132,69409,346923
865,NTPC,Mar 2020,9895,108945,202984,55746,377569,187803,98508,9307,81951,377569
866,NTPC,Mar 2021,9697,116042,210208,62075,398022,203245,97506,10589,86681,398022
867,NTPC,Mar 2022,9697,125677,210707,69751,415831,224923,91126,10626,89156,415831
868,NTPC,Mar 2023,9697,137326,222913,77253,447189,240424,89179,13935,103651,447189
869,NTPC,Mar 2024,9697,151013,237131,81437,479278,258934,87664,15885,116795,479278
870,NTPC,Sep 2024,9697,158575,242009,81950,492230,259252,95612,16500,120866,492230
871,NHPC,Mar 2013,12301,17494,20340,12226,62361,23537,19962,1447,17415,62361
872,NHPC,Mar 2014,11071,17175,20819,12362,61427,29587,14924,1273,15643,61427
873,NHPC,Mar 2015,11071,19687,20584,10094,61436,27916,16378,1020,16123,61436
874,NHPC,Mar 2016,11071,20572,19938,11242,62823,22610,16742,606,22866,62823
875,NHPC,Mar 2017,10259,18756,19227,11946,60187,22227,17588,1020,19352,60187
876,NHPC,Mar 2018,10259,19782,18602,14290,62933,21201,19087,1125,21520,62933
877,NHPC,Mar 2019,10045,20753,19066,16870,66734,24977,15037,1283,25437,66734
878,NHPC,Mar 2020,10045,21336,23226,16669,71277,24402,17180,1398,28297,71277
879,NHPC,Mar 2021,10045,23008,23365,16717,73136,21993,19167,1842,30133,73136
880,NHPC,Mar 2022,10045,24876,26096,16271,77288,21825,22522,2386,30554,77288
881,NHPC,Mar 2023,10045,26916,29540,19710,86211,22137,31357,499,32218,86211
882,NHPC,Mar 2024,10045,28657,32561,22034,93297,21474,39831,479,31513,93297
883,NHPC,Sep 2024,10045,30104,34210,23322,97681,21286,44386,499,31511,97681
884,NESTLEIND,Dec 2013,96,2272,1189,2756,6314,3369,295,851,1799,6314
885,NESTLEIND,Dec 2014,96,2741,20,2963,5820,3177,245,812,1586,5820
886,NESTLEIND,Dec 2015,96,2721,18,3251,6086,2898,231,1325,1633,6086
887,NESTLEIND,Dec 2016,96,3186,33,3495,6810,2730,188,1756,2136,6810
888,NESTLEIND,Dec 2017,96,3324,35,3907,7363,2616,94,1979,2673,7363
889,NESTLEIND,Dec 2018,96,3577,35,4379,8088,2401,105,2658,2924,8088
890,NESTLEIND,Dec 2019,96,1822,189,5065,7173,2341,143,1751,2937,7173
891,NESTLEIND,Dec 2020,96,1923,147,5733,7900,2179,639,1464,3618,7900
892,NESTLEIND,Dec 2021,96,1850,266,6021,8234,2995,246,774,4219,8234
893,NESTLEIND,Dec 2022,96,2363,271,6249,8979,3044,358,778,4799,8979
894,NESTLEIND,Dec 2023,96,2363,271,6249,8979,3044,358,778,4799,8979
895,NESTLEIND,Mar 2024,96,3244,345,6838,10523,3460,1742,464,4857,10523
896,NESTLEIND,Sep 2024,96,3894,370,6747,11108,3925,2340,786,4057,11108
897,NAUKRI,Mar 2013,109,499,1,216,825,152,10,261,402,825
898,NAUKRI,Mar 2014,109,563,1,387,1060,149,10,538,363,1060
899,NAUKRI,Mar 2015,120,1295,1,801,2217,576,12,1175,455,2217
900,NAUKRI,Mar 2016,121,1422,1,382,1925,82,0,568,1276,1925
901,NAUKRI,Mar 2017,121,1471,1,459,2053,157,1,551,1343,2053
902,NAUKRI,Mar 2018,122,1923,1,550,2596,88,0,1565,943,2596
903,NAUKRI,Mar 2019,122,2421,1,646,3189,88,2,1204,1895,3189
904,NAUKRI,Mar 2020,122,2073,77,621,2893,242,0,1133,1518,2893
905,NAUKRI,Mar 2021,129,5267,65,831,6292,134,0,2324,3834,6292
906,NAUKRI,Mar 2022,129,17113,64,3177,20483,1033,0,15614,3836,20483
907,NAUKRI,Mar 2023,129,13269,108,3153,16658,801,4,12403,3450,16658
908,NAUKRI,Mar 2024,129,30133,246,5581,36089,810,0,31203,4077,36089
909,NAUKRI,Sep 2024,129,41659,256,8141,50186,811,0,45320,4055,50186
910,MOTHERSON,Mar 2013,59,2230,4904,5546,12739,5277,386,72,7005,12739
911,MOTHERSON,Mar 2014,88,2871,4840,7445,15244,5919,647,75,8603,15244
912,MOTHERSON,Mar 2015,88,3236,5131,8971,17425,6129,956,65,10276,17425
913,MOTHERSON,Mar 2016,132,4265,6069,9199,19665,7147,1397,590,10531,19665
914,MOTHERSON,Mar 2017,140,8132,10349,13322,31944,12193,1935,474,17343,31944
915,MOTHERSON,Mar 2018,210,9674,10374,16716,36974,14712,2585,792,18885,36974
916,MOTHERSON,Mar 2019,316,10647,11534,20257,42754,18423,1067,855,22409,42754
917,MOTHERSON,Mar 2020,316,10945,13136,20636,45033,20750,852,796,22635,45033
918,MOTHERSON,Mar 2021,316,12245,11930,23258,47749,20099,877,846,25926,47749
919,MOTHERSON,Mar 2022,452,20136,14130,21008,55726,21411,1310,6462,26543,55726
920,MOTHERSON,Mar 2023,678,21774,13792,25086,61330,23147,1478,6290,30415,61330
921,MOTHERSON,Mar 2024,678,25477,19922,38101,84178,30122,2498,6521,45037,84178
922,MOTHERSON,Sep 2024,704,31930,25417,39828,97879,32455,2693,6615,56115,97879
923,MARUTI,Mar 2013,151,18877,1569,6920,27517,10022,1966,7421,8107,27517
924,MARUTI,Mar 2014,151,21345,2004,7975,31476,11034,2640,10527,7275,31476
925,MARUTI,Mar 2015,151,24167,666,9492,34477,12490,1890,13298,6800,34477
926,MARUTI,Mar 2016,151,30465,231,11879,42726,12530,1007,20676,8513,42726
927,MARUTI,Mar 2017,151,36924,484,14402,51960,13311,1252,29151,8247,51960
928,MARUTI,Mar 2018,151,42408,121,17568,60248,13389,2132,36123,8604,60248
929,MARUTI,Mar 2019,151,46941,160,16717,63969,15437,1607,37504,9421,63969
930,MARUTI,Mar 2020,151,49262,184,14031,63628,15744,1415,37488,8980,63628
931,MARUTI,Mar 2021,151,52350,541,18335,71376,14989,1497,42945,11946,71376
932,MARUTI,Mar 2022,151,55182,426,18896,74656,13747,2936,42035,15937,74656
933,MARUTI,Mar 2023,157,74443,1248,24258,100106,27941,4143,49184,18837,100106
934,MARUTI,Mar 2024,157,85479,119,29550,115304,27865,7735,57296,22408,115304
935,MARUTI,Sep 2024,157,88969,158,32412,121696,29337,8303,57820,26237,121696
936,M&M,Mar 2013,295,19666,28711,27460,76131,18307,1631,6440,49752,76131
937,M&M,Mar 2014,295,23012,35167,29415,87889,18381,2191,8082,59234,87889
938,M&M,Mar 2015,296,25561,37911,30608,94376,19047,3032,10027,62270,94376
939,M&M,Mar 2016,270,26222,41553,31806,99852,20585,2371,11603,65293,99852
940,M&M,Mar 2017,311,29467,48762,35296,113835,20989,4279,14662,73905,113835
941,M&M,Mar 2018,543,36232,55898,43696,136369,26182,4269,16018,89900,136369
942,M&M,Mar 2019,544,39439,70848,51057,161889,28983,4760,18268,109878,161889
943,M&M,Mar 2020,554,39415,82092,43655,165716,29689,6856,19210,109960,165716
944,M&M,Mar 2021,555,41027,80625,42762,164968,21380,7873,28778,106938,164968
945,M&M,Mar 2022,556,46567,77605,47661,172388,26018,6703,30060,109607,172388
946,M&M,Mar 2023,557,55809,92247,55670,204283,27140,3969,35272,137902,204283
947,M&M,Mar 2024,557,65633,108647,59884,234722,28129,8039,35208,163345,234722
948,M&M,Sep 2024,558,69944,116844,67934,255280,35328,4544,34411,180997,255280
949,LTIM,Mar 2013,16,1323,234,756,2328,699,142,49,1438,2328
950,LTIM,Mar 2014,16,1594,110,945,2666,649,57,169,1791,2666
951,LTIM,Mar 2015,16,2010,218,734,2978,683,25,104,2166,2978
952,LTIM,Mar 2016,17,2108,55,958,3137,638,20,43,2437,3137
953,LTIM,Mar 2017,17,3127,0,1273,4417,542,1,941,2934,4417
954,LTIM,Mar 2018,17,3843,0,1477,5337,681,7,1264,3385,5337
955,LTIM,Mar 2019,17,4876,0,1770,6664,930,12,1740,3982,6664
956,LTIM,Mar 2020,17,5387,912,2499,8815,1920,59,2219,4617,8815
957,LTIM,Mar 2021,18,7286,798,2604,10706,1906,66,3730,5004,10706
958,LTIM,Mar 2022,30,14258,258,6027,20572,3473,503,6048,10548,20572
959,LTIM,Mar 2023,30,16562,1541,5348,23481,3679,902,5458,13442,23481
960,LTIM,Mar 2024,30,19988,2071,5456,27544,4981,551,8744,13269,27544
961,LTIM,Sep 2024,30,21045,2326,5361,28761,5450,498,9664,13149,28761
962,LT,Mar 2013,16,1323,234,756,2328,699,142,49,1438,2328
963,LT,Mar 2014,16,1594,110,945,2666,649,57,169,1791,2666
964,LT,Mar 2015,16,2010,218,734,2978,683,25,104,2166,2978
965,LT,Mar 2016,17,2108,55,958,3137,638,20,43,2437,3137
966,LT,Mar 2017,17,3127,0,1273,4417,542,1,941,2934,4417
967,LT,Mar 2018,17,3843,0,1477,5337,681,7,1264,3385,5337
968,LT,Mar 2019,17,4876,0,1770,6664,930,12,1740,3982,6664
969,LT,Mar 2020,17,5387,912,2499,8815,1920,59,2219,4617,8815
970,LT,Mar 2021,18,7286,798,2604,10706,1906,66,3730,5004,10706
971,LT,Mar 2022,30,14258,258,6027,20572,3473,503,6048,10548,20572
972,LT,Mar 2023,30,16562,1541,5348,23481,3679,902,5458,13442,23481
973,LT,Mar 2024,30,19988,2071,5456,27544,4981,551,8744,13269,27544
974,LT,Sep 2024,30,21045,2326,5361,28761,5450,498,9664,13149,28761
975,LODHA,Mar 2011,108,636,5596,3138,9478,991,159,376,7951,9478
976,LODHA,Mar 2012,108,1018,4259,3883,9268,971,112,181,8003,9268
977,LODHA,Mar 2015,108,3186,11852,12752,27998,2290,4,595,25008,27998
978,LODHA,Mar 2016,108,3865,13835,13173,30981,1899,176,611,28295,30981
979,LODHA,Mar 2017,113,3920,16183,13715,33931,1753,109,1180,30888,33931
980,LODHA,Mar 2018,396,4756,22616,12483,40251,2197,6,1384,36664,40251
981,LODHA,Mar 2019,396,3445,25641,20382,49864,2139,6,1405,46314,49864
982,LODHA,Mar 2020,396,4156,18423,17717,40693,2021,6,1553,37112,40693
983,LODHA,Mar 2021,396,4203,18193,16516,39308,1946,6,1579,35776,39308
984,LODHA,Mar 2022,482,11624,11537,14763,38404,1923,0,574,35908,38404
985,LODHA,Mar 2023,482,12181,9060,17399,39122,1828,0,246,37048,39122
986,LODHA,Mar 2024,994,16475,7698,22031,47198,1169,4,2500,43524,47198
987,LODHA,Sep 2024,995,17189,7990,21211,47385,1264,0,1460,44661,47385
988,LICI,Mar 2019,100,710,269401,3157039,3427249,25194,710,2900287,501059,3427249
989,LICI,Mar 2020,100,902,253414,3245419,3499834,28216,734,2976100,494784,3499834
990,LICI,Mar 2021,100,6784,4,3822637,3829524,17723,148,3517445,294208,3829524
991,LICI,Mar 2022,6325,5013,1,4242719,4254059,17770,199,3926212,309878,4254059
992,LICI,Mar 2023,6325,39908,0,4532258,4578491,20473,331,4243008,314678,4578491
993,LICI,Mar 2024,6325,76422,0,5233300,5316047,20667,403,4976133,318844,5316047
994,LICI,Sep 2024,6325,91312,10,5621474,5719121,4197,0,5413779,301145,5719121
995,KOTAKBANK,Mar 2013,373,14894,85561,15006,115835,620,0,40907,74308,115835
996,KOTAKBANK,Mar 2014,385,18699,85937,17176,122197,1264,0,38791,82142,122197
997,KOTAKBANK,Mar 2015,386,21770,104258,22049,148464,1385,0,45589,101490,148464
998,KOTAKBANK,Mar 2016,917,32447,179679,27761,240804,1761,0,70274,168769,240804
999,KOTAKBANK,Mar 2017,920,37572,205230,32465,276188,1759,0,68462,205967,276188
1000,KOTAKBANK,Mar 2018,953,49535,249840,37392,337720,2543,0,90977,244201,337720
1001,KOTAKBANK,Mar 2019,954,56827,291763,45626,395171,2697,0,103487,288987,395171
1002,KOTAKBANK,Mar 2020,957,65680,326477,50059,443173,2675,0,111197,329301,443173
1003,KOTAKBANK,Mar 2021,991,83348,327110,67405,478854,2554,0,156946,319355,478854
1004,KOTAKBANK,Mar 2022,992,95673,365747,84086,546498,2723,0,164529,379245,546498
1005,KOTAKBANK,Mar 2023,993,110821,418807,89809,620430,3075,0,195338,422017,620430
1006,KOTAKBANK,Mar 2024,994,128978,520374,117321,767667,3510,0,246446,517711,767667
1007,JSWSTEEL,Mar 2013,284,16781,21625,18823,57513,34717,5898,1750,15148,57513
1008,JSWSTEEL,Mar 2014,303,20871,35527,20939,77640,47046,9400,663,20531,77640
1009,JSWSTEEL,Mar 2015,303,21987,38754,24610,85654,52176,8265,599,24613,85654
1010,JSWSTEEL,Mar 2016,301,18665,42204,20737,81907,56140,7271,1195,17302,81907
1011,JSWSTEEL,Mar 2017,301,22346,43334,22024,88005,58730,4363,1366,23546,88005
1012,JSWSTEEL,Mar 2018,302,27696,39393,24579,91970,57848,5950,1469,26703,91970
1013,JSWSTEEL,Mar 2019,301,34494,47396,32606,114797,62644,11889,1894,38370,114797
1014,JSWSTEEL,Mar 2020,301,36298,61423,33798,131820,62085,27191,1259,41285,131820
1015,JSWSTEEL,Mar 2021,302,46462,62392,39161,148317,64917,32566,8581,42253,148317
1016,JSWSTEEL,Mar 2022,301,66996,72237,56951,196485,99880,16905,4940,74760,196485
1017,JSWSTEEL,Mar 2023,301,65394,80853,63991,210539,104452,22166,4806,79115,210539
1018,JSWSTEEL,Mar 2024,305,77364,87984,62245,227898,112461,29676,7246,78515,227898
1019,JSWSTEEL,Sep 2024,305,79361,95258,58244,233168,114294,29555,10740,78579,233168
1020,JSWENERGY,Mar 2013,1640,4564,10377,3798,20378,13925,977,955,4521,20378
1021,JSWENERGY,Mar 2014,1640,4931,10106,2567,19244,13635,615,888,4107,19244
1022,JSWENERGY,Mar 2015,1640,5878,9294,2608,19420,13191,454,1619,4157,19420
1023,JSWENERGY,Mar 2016,1627,8077,14862,3973,28539,20298,321,1012,6908,28539
1024,JSWENERGY,Mar 2017,1628,8741,14349,3672,28389,19491,531,1579,6789,28389
1025,JSWENERGY,Mar 2018,1640,9470,11883,3728,26721,18877,294,2415,5135,26721
1026,JSWENERGY,Mar 2019,1641,10181,10555,3549,25926,17825,400,2451,5251,25926
1027,JSWENERGY,Mar 2020,1642,10004,9840,3445,24931,16713,391,1854,5974,24931
1028,JSWENERGY,Mar 2021,1642,12865,8371,3328,26207,15637,473,4052,6045,26207
1029,JSWENERGY,Mar 2022,1640,15775,8943,4157,30514,14831,2091,6623,6970,30514
1030,JSWENERGY,Mar 2023,1641,16988,25051,4737,48417,25020,4788,6033,12576,48417
1031,JSWENERGY,Mar 2024,1641,19191,31573,5362,57767,28946,10285,7035,11501,57767
1032,JSWENERGY,Sep 2024,1745,26226,30853,6108,64932,31573,10410,10101,12847,64932
1033,JIOFIN,Mar 2023,2,114118,743,66,114930,158,38,108141,6593,114930
1034,JIOFIN,Mar 2024,6353,132794,0,5715,144863,172,3,133292,11395,144863
1035,JIOFIN,Sep 2024,6353,130791,0,7078,144222,171,0,137439,6613,144222
1036,JINDALSTEL,Mar 2013,93,21159,24618,11202,57073,19429,19230,809,17605,57073
1037,JINDALSTEL,Mar 2014,91,22519,36368,9935,68913,34989,17811,342,15771,68913
1038,JINDALSTEL,Mar 2015,91,20951,45501,8994,75537,46643,9073,1785,18035,75537
1039,JINDALSTEL,Mar 2016,91,32345,46797,13166,92398,65038,11827,392,15142,92398
1040,JINDALSTEL,Mar 2017,92,29959,45850,14674,90575,65932,9716,368,14559,90575
1041,JINDALSTEL,Mar 2018,97,30288,42962,15884,89230,68450,4978,146,15657,89230
1042,JINDALSTEL,Mar 2019,97,31988,39559,17357,89001,69039,4027,150,15784,89001
1043,JINDALSTEL,Mar 2020,102,32035,36824,20780,89742,69381,3126,181,17055,89742
1044,JINDALSTEL,Mar 2021,102,31713,29910,16116,77840,54349,1712,1156,20624,77840
1045,JINDALSTEL,Mar 2022,101,35524,13502,27517,76644,45488,2538,470,28147,76644
1046,JINDALSTEL,Mar 2023,100,38606,13046,17674,69427,43542,7870,907,17108,69427
1047,JINDALSTEL,Mar 2024,100,44216,16472,17888,78676,48384,9611,819,19862,78676
1048,JINDALSTEL,Sep 2024,101,47240,17266,18163,82771,49332,12418,863,20158,82771
1049,PFC,Mar 2013,1320,22360,139473,6178,169330,75,0,27,169229,169330
1050,PFC,Mar 2014,1320,26202,159215,7582,194320,72,1,27,194220,194320
1051,PFC,Mar 2015,1320,31091,187795,8705,228912,102,2,528,228280,228912
1052,PFC,Mar 2016,1320,34708,200660,10531,247220,198,47,2230,244745,247220
1053,PFC,Mar 2017,2640,34205,202993,19700,259537,296,105,3145,255990,259537
1054,PFC,Mar 2018,2640,37194,441151,41546,522531,161,129,5493,516749,522531
1055,PFC,Mar 2019,2640,44481,539488,42260,628869,196,199,4604,623871,628869
1056,PFC,Mar 2020,2640,46760,596561,48560,694521,238,288,4404,689590,694521
1057,PFC,Mar 2021,2640,58127,659682,55257,775707,341,336,3499,771530,775707
1058,PFC,Mar 2022,2640,69036,660476,58848,791000,719,53,3774,786454,791000
1059,PFC,Mar 2023,2640,81518,751158,60796,896112,782,22,5973,889334,896112
1060,PFC,Mar 2024,3300,97847,861961,75770,1038877,764,39,10971,1027102,1038877
1061,PFC,Sep 2024,3300,106746,910447,82868,1103361,763,53,13219,1089326,1103361
1062,PIDILITIND,Mar 2013,51,1600,111,853,2616,646,428,294,1248,2616
1063,PIDILITIND,Mar 2014,51,1901,46,930,2928,729,458,260,1481,2928
1064,PIDILITIND,Mar 2015,51,2219,58,986,3315,978,462,370,1505,3315
1065,PIDILITIND,Mar 2016,51,2587,80,996,3714,1137,158,706,1713,3714
1066,PIDILITIND,Mar 2017,51,3420,98,1202,4770,1275,148,1443,1904,4770
1067,PIDILITIND,Mar 2018,51,3523,125,1500,5199,1342,228,1246,2383,5199
1068,PIDILITIND,Mar 2019,51,4097,113,1643,5904,1448,242,1548,2666,5904
1069,PIDILITIND,Mar 2020,51,4405,288,1779,6523,1807,259,1186,3270,6523
1070,PIDILITIND,Mar 2021,51,5542,331,2890,8814,4418,294,516,3586,8814
1071,PIDILITIND,Mar 2022,51,6353,416,2675,9494,4703,225,459,4107,9494
1072,PIDILITIND,Mar 2023,51,7161,391,2902,10505,4914,406,881,4304,10505
1073,PIDILITIND,Mar 2024,51,8356,382,3286,12076,5451,148,2235,4242,12076
1074,PIDILITIND,Sep 2024,51,8664,379,3662,12755,5499,161,2546,4550,12755
1075,PNB,Mar 2013,50,568,6695,342,7655,14,4,777,6860,7655
1076,PNB,Mar 2014,66,868,10108,498,11540,26,3,645,10865,11540
1077,PNB,Mar 2015,104,1475,16481,976,19035,40,18,1586,17392,19035
1078,PNB,Mar 2016,127,2019,26014,1511,29671,58,4,1622,27987,29671
1079,PNB,Mar 2017,166,5412,35497,1885,42960,58,2,3280,39620,42960
1080,PNB,Mar 2018,167,6402,53777,2673,63018,255,10,2413,60340,63018
1081,PNB,Mar 2019,167,7268,71859,4456,83750,102,5,4457,79185,83750
1082,PNB,Mar 2020,168,7779,67736,3191,78874,250,4,2048,76572,78874
1083,PNB,Mar 2021,168,8699,59394,3072,71333,181,2,2033,69117,71333
1084,PNB,Mar 2022,169,9632,52961,2888,65649,150,4,3472,62024,65649
1085,PNB,Mar 2023,169,10784,53621,2231,66805,146,3,3188,63468,66805
1086,PNB,Mar 2024,260,14673,55017,2422,72371,206,15,4345,67804,72371
1087,PNB,Mar 2013,50,568,6695,342,7655,14,4,777,6860,7655
1088,PNB,Mar 2014,66,868,10108,498,11540,26,3,645,10865,11540
1089,PNB,Mar 2015,104,1475,16481,976,19035,40,18,1586,17392,19035
1090,PNB,Mar 2016,127,2019,26014,1511,29671,58,4,1622,27987,29671
1091,PNB,Mar 2017,166,5412,35497,1885,42960,58,2,3280,39620,42960
1092,PNB,Mar 2018,167,6402,53777,2673,63018,255,10,2413,60340,63018
1093,PNB,Mar 2019,167,7268,71859,4456,83750,102,5,4457,79185,83750
1094,PNB,Mar 2020,168,7779,67736,3191,78874,250,4,2048,76572,78874
1095,PNB,Mar 2021,168,8699,59394,3072,71333,181,2,2033,69117,71333
1096,PNB,Mar 2022,169,9632,52961,2888,65649,150,4,3472,62024,65649
1097,PNB,Mar 2023,169,10784,53621,2231,66805,146,3,3188,63468,66805
1098,PNB,Mar 2024,260,14673,55017,2422,72371,206,15,4345,67804,72371
1099,PNB,Mar 2013,50,568,6695,342,7655,14,4,777,6860,7655
1100,PNB,Mar 2014,66,868,10108,498,11540,26,3,645,10865,11540
1101,PNB,Mar 2015,104,1475,16481,976,19035,40,18,1586,17392,19035
1102,PNB,Mar 2016,127,2019,26014,1511,29671,58,4,1622,27987,29671
1103,PNB,Mar 2017,166,5412,35497,1885,42960,58,2,3280,39620,42960
1104,PNB,Mar 2018,167,6402,53777,2673,63018,255,10,2413,60340,63018
1105,PNB,Mar 2019,167,7268,71859,4456,83750,102,5,4457,79185,83750
1106,PNB,Mar 2020,168,7779,67736,3191,78874,250,4,2048,76572,78874
1107,PNB,Mar 2021,168,8699,59394,3072,71333,181,2,2033,69117,71333
1108,PNB,Mar 2022,169,9632,52961,2888,65649,150,4,3472,62024,65649
1109,PNB,Mar 2023,169,10784,53621,2231,66805,146,3,3188,63468,66805
1110,PNB,Mar 2024,260,14673,55017,2422,72371,206,15,4345,67804,72371
1111,PNB,Mar 2013,50,568,6695,342,7655,14,4,777,6860,7655
1112,PNB,Mar 2014,66,868,10108,498,11540,26,3,645,10865,11540
1113,PNB,Mar 2015,104,1475,16481,976,19035,40,18,1586,17392,19035
1114,PNB,Mar 2016,127,2019,26014,1511,29671,58,4,1622,27987,29671
1115,PNB,Mar 2017,166,5412,35497,1885,42960,58,2,3280,39620,42960
1116,PNB,Mar 2018,167,6402,53777,2673,63018,255,10,2413,60340,63018
1117,PNB,Mar 2019,167,7268,71859,4456,83750,102,5,4457,79185,83750
1118,PNB,Mar 2020,168,7779,67736,3191,78874,250,4,2048,76572,78874
1119,PNB,Mar 2021,168,8699,59394,3072,71333,181,2,2033,69117,71333
1120,PNB,Mar 2022,169,9632,52961,2888,65649,150,4,3472,62024,65649
1121,PNB,Mar 2023,169,10784,53621,2231,66805,146,3,3188,63468,66805
1122,PNB,Mar 2024,260,14673,55017,2422,72371,206,15,4345,67804,72371
1123,PNB,Mar 2013,50,568,6695,342,7655,14,4,777,6860,7655
1124,PNB,Mar 2014,66,868,10108,498,11540,26,3,645,10865,11540
1125,PNB,Mar 2015,104,1475,16481,976,19035,40,18,1586,17392,19035
1126,PNB,Mar 2016,127,2019,26014,1511,29671,58,4,1622,27987,29671
1127,PNB,Mar 2017,166,5412,35497,1885,42960,58,2,3280,39620,42960
1128,PNB,Mar 2018,167,6402,53777,2673,63018,255,10,2413,60340,63018
1129,PNB,Mar 2019,167,7268,71859,4456,83750,102,5,4457,79185,83750
1130,PNB,Mar 2020,168,7779,67736,3191,78874,250,4,2048,76572,78874
1131,PNB,Mar 2021,168,8699,59394,3072,71333,181,2,2033,69117,71333
1132,PNB,Mar 2022,169,9632,52961,2888,65649,150,4,3472,62024,65649
1133,PNB,Mar 2023,169,10784,53621,2231,66805,146,3,3188,63468,66805
1134,PNB,Mar 2024,260,14673,55017,2422,72371,206,15,4345,67804,72371
1135,POWERGRID,Mar 2013,4630,21773,69233,17748,113384,62568,35265,586,14964,113384
1136,POWERGRID,Mar 2014,5232,29466,84220,22562,141480,74252,50069,423,16736,141480
1137,POWERGRID,Mar 2015,5232,33207,96243,26102,160784,91191,53681,220,15693,160784
1138,POWERGRID,Mar 2016,5232,38738,108545,26797,179312,115094,45611,919,17688,179312
1139,POWERGRID,Mar 2017,5232,44634,118988,26809,195662,137678,38264,1165,18555,195662
1140,POWERGRID,Mar 2018,5232,49194,131503,39425,225354,156198,37669,1224,30264,225354
1141,POWERGRID,Mar 2019,5232,53857,146376,41916,247380,172740,37631,1296,35713,247380
1142,POWERGRID,Mar 2020,5232,59464,148270,43706,256671,181112,35177,1431,38951,256671
1143,POWERGRID,Mar 2021,5232,64704,143232,42539,255708,183726,24838,1486,45659,255708
1144,POWERGRID,Mar 2022,6975,69272,134696,40008,250950,191773,12854,3788,42536,250950
1145,POWERGRID,Mar 2023,6975,76051,128584,40615,252225,185437,13772,3489,49527,252225
1146,POWERGRID,Mar 2024,9301,77845,123516,40168,250829,177761,18197,4163,50708,250829
1147,POWERGRID,Sep 2024,9301,82760,122568,40668,255297,174178,23767,3410,53941,255297
1148,POWERGRID,Mar 2013,4630,21773,69233,17748,113384,62568,35265,586,14964,113384
1149,POWERGRID,Mar 2014,5232,29466,84220,22562,141480,74252,50069,423,16736,141480
1150,POWERGRID,Mar 2015,5232,33207,96243,26102,160784,91191,53681,220,15693,160784
1151,POWERGRID,Mar 2016,5232,38738,108545,26797,179312,115094,45611,919,17688,179312
1152,POWERGRID,Mar 2017,5232,44634,118988,26809,195662,137678,38264,1165,18555,195662
1153,POWERGRID,Mar 2018,5232,49194,131503,39425,225354,156198,37669,1224,30264,225354
1154,POWERGRID,Mar 2019,5232,53857,146376,41916,247380,172740,37631,1296,35713,247380
1155,POWERGRID,Mar 2020,5232,59464,148270,43706,256671,181112,35177,1431,38951,256671
1156,POWERGRID,Mar 2021,5232,64704,143232,42539,255708,183726,24838,1486,45659,255708
1157,POWERGRID,Mar 2022,6975,69272,134696,40008,250950,191773,12854,3788,42536,250950
1158,POWERGRID,Mar 2023,6975,76051,128584,40615,252225,185437,13772,3489,49527,252225
1159,POWERGRID,Mar 2024,9301,77845,123516,40168,250829,177761,18197,4163,50708,250829
1160,POWERGRID,Sep 2024,9301,82760,122568,40668,255297,174178,23767,3410,53941,255297
1161,RECLTD,Mar 2013,987,16543,107762,5277,130570,72,9,638,129851,130570
1162,RECLTD,Mar 2014,987,19816,126173,5968,152944,73,10,1690,151170,152944
1163,RECLTD,Mar 2015,987,24085,150979,7404,183456,110,10,1596,181740,183456
1164,RECLTD,Mar 2016,987,27906,169212,8840,206945,254,78,2352,204261,206945
1165,RECLTD,Mar 2017,1975,31696,167852,8723,210245,355,166,2617,207108,210245
1166,RECLTD,Mar 2018,1975,30613,204367,5416,242370,132,129,2948,239162,242370
1167,RECLTD,Mar 2019,1975,32571,244249,19659,298454,165,199,2463,295627,298454
1168,RECLTD,Mar 2020,1975,33422,286289,25345,347030,166,288,2386,344190,347030
1169,RECLTD,Mar 2021,1975,41789,329723,27380,400867,267,336,1981,398282,400867
1170,RECLTD,Mar 2022,1975,49339,333043,26503,410860,628,6,2190,408035,410860
1171,RECLTD,Mar 2023,2633,55487,380790,26592,465503,641,3,3170,461689,465503
1172,RECLTD,Mar 2024,2633,66717,445568,33273,548191,632,24,5352,542184,548191
1173,RECLTD,Sep 2024,2633,70877,483617,38100,595227,622,49,6790,587766,595227
1174,RELIANCE,Mar 2013,2936,179119,107219,73083,362357,133487,49952,42848,136070,362357
1175,RELIANCE,Mar 2014,2940,195747,138761,91395,428843,141417,91494,60602,135330,428843
1176,RELIANCE,Mar 2015,2943,215556,168251,117736,504486,156458,166462,76451,105115,504486
1177,RELIANCE,Mar 2016,2948,228608,194714,172727,598997,184910,228697,84015,101375,598997
1178,RELIANCE,Mar 2017,2959,260750,217475,225618,706802,198526,324837,82899,100540,706802
1179,RELIANCE,Mar 2018,5922,287584,239843,277924,811273,403885,187022,82862,137504,811273
1180,RELIANCE,Mar 2019,5926,381186,307714,302804,997630,398374,179463,235635,184158,997630
1181,RELIANCE,Mar 2020,6339,442827,355133,358716,1163015,532658,109106,276767,244484,1163015
1182,RELIANCE,Mar 2021,6445,693727,278962,340931,1320065,541258,125953,364828,288026,1320065
1183,RELIANCE,Mar 2022,6765,772720,319158,399979,1498622,627798,172506,394264,304054,1498622
1184,RELIANCE,Mar 2023,6766,709106,451664,438346,1605882,724805,293752,235560,351765,1605882
1185,RELIANCE,Mar 2024,6766,786715,458991,502576,1755048,779985,338855,225672,410536,1755048
1186,RELIANCE,Sep 2024,6766,812687,357525,638145,1815123,968747,198873,244559,402944,1815123
1187,SBILIFE,Mar 2013,1000,1736,0,50978,53714,283,3,50047,3382,53714
1188,SBILIFE,Mar 2014,1000,2356,0,57284,60640,304,4,56275,4058,60640
1189,SBILIFE,Mar 2015,1000,3056,0,70064,74121,292,7,69385,4437,74121
1190,SBILIFE,Mar 2016,1000,3733,0,78696,83429,301,146,77843,5139,83429
1191,SBILIFE,Mar 2017,1000,4552,0,96687,102240,507,31,95830,5871,102240
1192,SBILIFE,Mar 2018,1000,5528,0,115193,121720,511,70,114436,6703,121720
1193,SBILIFE,Mar 2019,1000,6576,0,139157,146734,563,32,139325,6814,146734
1194,SBILIFE,Mar 2020,1000,7743,0,156837,165580,568,13,158813,6186,165580
1195,SBILIFE,Mar 2021,1000,9400,0,216430,226830,564,1,218756,7509,226830
1196,SBILIFE,Mar 2022,1000,10622,0,261715,273337,919,3,264437,7978,273337
1197,SBILIFE,Mar 2023,1001,12017,0,301582,314599,867,1,303988,9743,314599
1198,SBILIFE,Mar 2024,1001,13907,0,383390,398299,1198,6,384943,12152,398299
1199,SBILIFE,Sep 2024,1002,15257,0,432238,448497,563,0,435926,12009,448497
1200,ZYDUSLIFE,2013,102,2842,2918,1512,7374,3026,736,114,3498,7374
1201,ZYDUSLIFE,2014,102,3337,2700,1847,7986,3124,892,87,3885,7986
1202,ZYDUSLIFE,2015,102,4149,2651,2144,9047,3352,798,154,4743,9047
1203,ZYDUSLIFE,2016,102,5597,2442,2208,10350,3748,951,416,5235,10350
1204,ZYDUSLIFE,2017,102,6858,5207,2937,15104,5755,1543,435,7371,15104
1205,ZYDUSLIFE,2018,102,8642,5407,3632,17783,6483,1527,746,9028,17783
1206,ZYDUSLIFE,2019,102,10284,7899,4945,23231,12164,837,674,9556,23231
1207,ZYDUSLIFE,2020,102,10273,7986,5115,23477,12230,742,765,9740,23477
1208,ZYDUSLIFE,2021,102,12890,4608,6165,23765,12133,783,830,10019,23765
1209,ZYDUSLIFE,2022,102,16897,4221,6421,27642,12188,726,3288,11439,27642
1210,ZYDUSLIFE,2023,101,17415,1195,6851,25562,11521,1201,1547,11294,25562
1211,ZYDUSLIFE,2024,101,19729,804,8201,28834,12368,2423,1220,12822,28834
1212,ZYDUSLIFE,2024.5,101,21724,190,9431,31446,14304,1051,2596,13495,31446
1213,SHREECEM,Jun 2013,35,3809,1288,1028,6160,1782,133,2203,2042,6160
1214,SHREECEM,Jun 2014,35,4676,1200,1418,7329,2194,758,2244,2132,7329
1215,SHREECEM,Jun 2015,35,5241,917,1805,7998,3004,511,1662,2820,7998
1216,SHREECEM,Mar 2016,35,6811,881,1737,9463,3050,264,3030,3118,9463
1217,SHREECEM,Mar 2017,35,7663,1293,2175,11166,2599,710,4042,3814,11166
1218,SHREECEM,Mar 2018,35,8862,3403,2842,15142,3589,1427,5434,4691,15142
1219,SHREECEM,Mar 2019,35,9636,2803,3019,15493,6182,1129,2286,5896,15493
1220,SHREECEM,Mar 2020,36,13133,3146,3629,19944,6163,1197,6358,6227,19944
1221,SHREECEM,Mar 2021,36,15361,2230,3886,21513,6216,997,8500,5800,21513
1222,SHREECEM,Mar 2022,36,17424,2129,4159,23749,7282,1054,9033,6380,23749
1223,SHREECEM,Mar 2023,36,18600,2725,4973,26334,7481,2797,8683,7373,26334
1224,SHREECEM,Mar 2024,36,20667,1656,5566,27925,9591,1930,7556,8848,27925
1225,SHREECEM,Sep 2024,36,20843,1682,5297,27859,9656,2777,6943,8482,27859
1226,ZOMATO,2018,0,1036,186,152,1374,190,1,829,354,1374
1227,ZOMATO,2019,0,2356,348,709,3413,389,1,2145,879,3413
1228,ZOMATO,2020,0,457,326,2117,2900,1591,1,324,985,2900
1229,ZOMATO,2021,0,7644,527,532,8704,1539,0,2205,4959,8704
1230,ZOMATO,2022,764,15741,70,751,17327,1404,1,4718,11204,17327
1231,ZOMATO,2023,836,18624,507,1632,21599,6344,7,6765,8483,21599
1232,ZOMATO,2024,868,19545,749,2194,23356,6448,18,11645,5245,23356
1233,ZOMATO,2024.5,872,20446,1159,2728,25205,8390,59,11708,5048,25205
1234,WIPRO,2013,492,26072,6381,10675,43621,9996,407,6765,26454,43621
1235,WIPRO,2014,493,31636,5159,12245,49533,10649,369,6146,32368,49533
1236,WIPRO,2015,494,36598,7891,13367,58350,10837,395,5532,41586,58350
1237,WIPRO,2016,494,45651,12522,12924,71590,17279,381,20915,33016,71590
1238,WIPRO,2017,486,51184,14241,12761,78672,19886,738,29913,28135,78672
1239,WIPRO,2018,905,47022,13901,13563,75391,18127,1378,25797,30090,75391
1240,WIPRO,2019,1207,55216,9947,16217,82586,17465,2142,22887,40093,82586
1241,WIPRO,2020,1143,54179,9724,15954,81000,22062,1881,20032,37024,81000
1242,WIPRO,2021,1096,53805,10451,17213,82566,23040,1853,18775,38898,82566
1243,WIPRO,2022,1096,64307,17593,24280,107276,37990,1602,26154,41531,107276
1244,WIPRO,2023,1098,76570,17467,21789,116924,44757,617,33073,38477,116924
1245,WIPRO,2024,1045,73488,16465,23611,114609,43628,723,33384,36873,114609
1246,WIPRO,2024.5,1046,80330,19282,24893,125552,43476,846,43970,37260,125552
1247,VEDL,2013,87,17388,4839,723,23037,4136,723,16059,2119,23037
1248,VEDL,2014,296,72712,80566,60545,214120,87205,43128,37910,45877,214120
1249,VEDL,2015,296,53579,77752,58654,190281,70108,38748,39606,41819,190281
1250,VEDL,2016,296,43743,67778,80163,191980,67231,38461,53386,32903,191980
1251,VEDL,2017,297,60128,71569,64952,196946,76756,27557,46962,45671,196946
1252,VEDL,2018,372,62940,58159,58896,180367,80279,32055,28700,39333,180367
1253,VEDL,2019,372,61925,66226,70045,198568,96397,24959,33065,44147,198568
1254,VEDL,2020,372,54263,59187,66915,180737,88904,18585,24753,48495,180737
1255,VEDL,2021,372,61906,57669,63549,183496,90470,16314,16660,60052,183496
1256,VEDL,2022,372,65011,53583,74981,193947,93466,15879,17291,67311,193947
1257,VEDL,2023,372,39051,80329,69703,189455,95744,19529,13150,61032,189455
1258,VEDL,2024,372,30350,87706,69690,188118,98963,22889,11869,54397,188118
1259,VEDL,2024.5,391,37097,79808,87879,205175,100699,27719,12823,63934,205175
1260,SHRIRAMFIN,Mar 2013,227,7111,33386,6550,47274,72,0,3280,43922,47274
1261,SHRIRAMFIN,Mar 2014,227,8283,38630,5192,52332,155,0,2435,49742,52332
1262,SHRIRAMFIN,Mar 2015,227,9039,46695,6193,62154,154,0,3037,58962,62154
1263,SHRIRAMFIN,Mar 2016,227,9949,49790,8048,68013,152,0,1340,66522,68013
1264,SHRIRAMFIN,Mar 2017,227,11105,53080,10034,74446,136,0,1518,72791,74446
1265,SHRIRAMFIN,Mar 2018,227,13463,82131,1539,97360,122,0,2456,94782,97360
1266,SHRIRAMFIN,Mar 2019,227,15736,87914,1542,105419,147,0,4126,101146,105419
1267,SHRIRAMFIN,Mar 2020,227,17915,94735,1389,114266,489,0,2936,110841,114266
1268,SHRIRAMFIN,Mar 2021,253,21464,106546,1647,129910,437,0,3347,126126,129910
1269,SHRIRAMFIN,Mar 2022,271,25824,114846,1328,142268,418,0,6971,134879,142268
1270,SHRIRAMFIN,Mar 2023,374,43138,164202,2858,210573,3714,66,7430,199363,210573
1271,SHRIRAMFIN,Mar 2024,376,48571,195496,3823,248266,3718,0,9472,235076,248266
1272,SHRIRAMFIN,Sep 2024,376,52016,207820,14875,275087,3215,0,11616,260256,275087
1273,SIEMENS,Sep 2011,68,3748,0,6341,10158,1169,249,0,8739,10158
1274,SIEMENS,Sep 2014,71,4304,0,5915,10290,1356,41,8,8886,10290
1275,SIEMENS,Sep 2015,71,5046,25,5433,10576,1394,32,114,9037,10576
1276,SIEMENS,Sep 2016,71,6732,25,5157,11986,1227,79,110,10570,11986
1277,SIEMENS,Sep 2017,71,7619,0,5448,13138,1365,143,0,11630,13138
1278,SIEMENS,Sep 2018,71,8228,0,6037,14336,1381,62,0,12893,14336
1279,SIEMENS,Sep 2019,71,8978,0,6309,15358,1219,58,0,14081,15358
1280,SIEMENS,Sep 2020,71,9421,0,6368,15860,1196,88,0,14576,15860
1281,SIEMENS,Sep 2021,71,10276,4,7664,18015,3264,35,3,14713,18015
1282,SIEMENS,Sep 2022,71,11539,182,8317,20109,3107,52,1,16949,20109
1283,SIEMENS,Sep 2023,71,13016,175,8384,21646,3038,50,1,18556,21646
1284,SIEMENS,Sep 2024,71,15286,279,9663,25299,3112,103,1,22082,25299
1285,UNITDSPR,2013,126,4661,8242,3453,16483,7869,131,218,8265,16483
1286,UNITDSPR,2014,145,2887,8307,3518,14858,5700,110,238,8810,14858
1287,UNITDSPR,2015,145,514,4987,2242,7889,1921,114,216,5637,7889
1288,UNITDSPR,2016,145,1489,4242,2452,8329,1887,282,77,6084,8329
1289,UNITDSPR,2017,145,1640,4144,2967,8896,1917,199,0,6780,8896
1290,UNITDSPR,2018,145,2274,3421,3086,8926,1791,102,0,7033,8926
1291,UNITDSPR,2019,145,2945,2883,3135,9109,1841,118,25,7124,9109
1292,UNITDSPR,2020,145,3583,2570,2546,8844,1956,121,22,6745,8844
1293,UNITDSPR,2021,145,3974,1037,3354,8511,1893,97,0,6521,8511
1294,UNITDSPR,2022,145,4808,605,3304,8863,1855,96,222,6690,8863
1295,UNITDSPR,2023,145,5854,183,3534,9716,1534,83,286,7813,9716
1296,UNITDSPR,2024,145,6976,265,3790,11176,1560,37,645,8934,11176
1297,UNITDSPR,2024.5,145,7487,518,3805,11955,1798,66,819,9272,11955
1298,UNIONBANK,Mar 2013,597,16722,287589,8003,312912,2483,13,81808,228608,312912
1299,UNIONBANK,Mar 2014,630,18004,327078,9300,355013,2621,2,94636,257753,355013
1300,UNIONBANK,Mar 2015,636,19263,352618,11048,383566,2690,4,85818,295053,383566
1301,UNIONBANK,Mar 2016,687,22361,374754,9562,407365,3939,13,90573,312840,407365
1302,UNIONBANK,Mar 2017,687,23406,418420,13167,455681,3896,21,113441,338322,455681
1303,UNIONBANK,Mar 2018,1169,24083,455969,9900,491120,3824,34,125485,361777,491120
1304,UNIONBANK,Mar 2019,1763,25073,460780,10964,498581,3743,44,128391,366402,498581
1305,UNIONBANK,Mar 2020,3423,30567,505150,16369,555509,4734,54,154251,396470,555509
1306,UNIONBANK,Mar 2021,6407,58331,977576,40063,1082377,7303,63,339059,735952,1082377
1307,UNIONBANK,Mar 2022,6835,64026,1085613,37292,1193766,7171,37,351839,834718,1193766
1308,UNIONBANK,Mar 2023,6835,71969,1163059,46495,1288357,8826,22,343727,935782,1288357
1309,UNIONBANK,Mar 2024,7634,89964,1251568,52831,1401996,9224,36,343953,1048783,1401996
1310,SUNPHARMA,Mar 2013,104,14886,260,5128,20377,5647,563,2412,11756,20377
1311,SUNPHARMA,Mar 2014,207,18318,2561,8009,29095,6817,842,2786,18650,29095
1312,SUNPHARMA,Mar 2015,207,25431,8996,14089,48723,12682,2039,2716,31286,48723
1313,SUNPHARMA,Mar 2016,241,32742,8497,13948,55428,15872,2175,1830,35550,55428
1314,SUNPHARMA,Mar 2017,240,36400,9832,14624,61095,17675,2801,1192,39427,61095
1315,SUNPHARMA,Mar 2018,240,38074,10385,15598,64297,18853,2465,7143,35837,64297
1316,SUNPHARMA,Mar 2019,240,41169,10514,12666,64590,21837,1411,7903,33439,64590
1317,SUNPHARMA,Mar 2020,240,45025,8315,14615,68194,22847,1220,10143,33984,68194
1318,SUNPHARMA,Mar 2021,240,46223,3869,17291,67622,21553,1567,9612,34890,67622
1319,SUNPHARMA,Mar 2022,240,47771,1290,20474,69776,22665,1287,12849,32975,69776
1320,SUNPHARMA,Mar 2023,240,55755,6886,17831,80712,24065,4973,14824,36849,80712
1321,SUNPHARMA,Mar 2024,240,63427,3274,18367,85308,23211,5354,15026,41717,85308
1322,SUNPHARMA,Sep 2024,240,68875,2572,16429,88116,28318,1150,17744,40904,88116
1323,ULTRACEMCO,Mar 2013,274,14955,7342,7010,29582,15050,3601,4709,6222,29582
1324,ULTRACEMCO,Mar 2014,274,16908,7332,7671,32185,18100,2186,4862,7037,32185
1325,ULTRACEMCO,Mar 2015,274,18767,9829,9183,38053,23343,2250,4500,7961,38053
1326,ULTRACEMCO,Mar 2016,274,21671,10616,8631,41193,25309,1469,5095,9319,41193
1327,ULTRACEMCO,Mar 2017,275,24117,8474,9343,42209,25904,921,6691,8693,42209
1328,ULTRACEMCO,Mar 2018,275,26107,19480,11280,57141,39715,1511,5447,10468,57141
1329,ULTRACEMCO,Mar 2019,275,33476,25337,17438,76525,56645,1153,2921,15806,76525
1330,ULTRACEMCO,Mar 2020,289,38755,23019,17151,79214,57151,920,5929,15215,79214
1331,ULTRACEMCO,Mar 2021,289,43886,21719,20282,86176,55412,1687,12178,16900,86176
1332,ULTRACEMCO,Mar 2022,289,50147,11299,22077,83811,55488,4785,6336,17203,83811
1333,ULTRACEMCO,Mar 2023,289,54036,11058,25998,91380,59579,4040,7297,20464,91380
1334,ULTRACEMCO,Mar 2024,289,59939,11403,29167,100797,62878,6811,8249,22859,100797
1335,ULTRACEMCO,Sep 2024,289,61076,16964,29282,107611,68042,6410,7579,25579,107611
1336,TVSMOTOR,Mar 2013,48,851,1068,1415,3381,1593,36,348,1404,3381
1337,TVSMOTOR,Mar 2014,48,1113,728,1743,3632,1517,48,439,1628,3632
1338,TVSMOTOR,Mar 2015,48,1277,1119,2126,4570,1637,93,539,2301,4570
1339,TVSMOTOR,Mar 2016,48,1771,1091,2236,5146,2038,47,943,2118,5146
1340,TVSMOTOR,Mar 2017,48,2169,1311,2601,6128,2362,64,1155,2547,6128
1341,TVSMOTOR,Mar 2018,48,2630,6928,3586,13190,3094,313,421,9362,13190
1342,TVSMOTOR,Mar 2019,48,3123,9298,4228,16696,3367,745,440,12145,16696
1343,TVSMOTOR,Mar 2020,48,3235,11591,4399,19272,3811,1006,371,14085,19272
1344,TVSMOTOR,Mar 2021,48,3779,12179,5859,21865,4221,1041,468,16135,21865
1345,TVSMOTOR,Mar 2022,48,4352,15827,6692,26919,5975,552,605,19788,26919
1346,TVSMOTOR,Mar 2023,48,5457,22376,7144,35025,5748,743,967,27566,35025
1347,TVSMOTOR,Mar 2024,48,6736,26006,9235,42024,5891,1033,1123,33977,42024
1348,TVSMOTOR,Sep 2024,48,7712,14619,22568,44946,6851,417,1166,36512,44946
1349,TRENT,Mar 2013,33,1198,343,635,2209,843,106,317,943,2209
1350,TRENT,Mar 2014,33,958,332,614,1936,720,138,300,778,1936
1351,TRENT,Mar 2015,33,1389,267,518,2207,668,92,740,706,2207
1352,TRENT,Mar 2016,33,1431,400,292,2157,477,55,1067,558,2157
1353,TRENT,Mar 2017,33,1514,392,283,2222,549,5,1080,588,2222
1354,TRENT,Mar 2018,33,1562,391,349,2336,613,10,1023,691,2336
1355,TRENT,Mar 2019,33,1613,494,418,2559,662,87,883,927,2559
1356,TRENT,Mar 2020,36,2352,300,2819,5507,2738,23,1515,1230,5507
1357,TRENT,Mar 2021,36,2277,300,3111,5724,3054,108,1487,1075,5724
1358,TRENT,Mar 2022,36,2328,4725,637,7726,4687,105,1284,1651,7726
1359,TRENT,Mar 2023,36,2560,4464,1022,8082,4527,102,1110,2343,8082
1360,TRENT,Mar 2024,36,4032,1753,1341,7162,2450,224,1416,3072,7162
1361,TRENT,Sep 2024,36,4644,1842,1752,8274,2804,219,1517,3735,8274
1362,TORNTPHARM,Mar 2013,42,1380,693,1638,3753,820,285,60,2587,3753
1363,TORNTPHARM,Mar 2014,85,1818,1132,1988,5022,875,534,186,3427,5022
1364,TORNTPHARM,Mar 2015,85,2406,2740,2589,7820,2833,678,298,4011,7820
1365,TORNTPHARM,Mar 2016,85,3409,2352,3040,8886,2859,1042,780,4206,8886
1366,TORNTPHARM,Mar 2017,85,4266,2510,2740,9601,3688,519,804,4589,9601
1367,TORNTPHARM,Mar 2018,85,4538,6462,3159,14243,7855,647,492,5249,14243
1368,TORNTPHARM,Mar 2019,85,4640,6038,3351,14113,7748,617,353,5395,14113
1369,TORNTPHARM,Mar 2020,85,4739,5784,3402,14010,7533,712,2,5763,14010
1370,TORNTPHARM,Mar 2021,85,5753,4874,3363,14075,7065,889,181,5940,14075
1371,TORNTPHARM,Mar 2022,85,5868,4070,2884,12906,6423,630,226,5628,12906
1372,TORNTPHARM,Mar 2023,169,6029,5369,3043,14610,8121,765,199,5524,14610
1373,TORNTPHARM,Mar 2024,169,6687,4022,3627,14505,8138,361,173,5834,14505
1374,TORNTPHARM,Sep 2024,169,7335,3128,4456,15088,7890,412,127,6659,15088
1375,TITAN,Mar 2013,89,1881,0,3914,5884,464,42,3,5375,5884
1376,TITAN,Mar 2014,89,2434,807,2781,6111,614,33,3,5461,6111
1377,TITAN,Mar 2015,89,2995,100,2684,5868,699,55,3,5111,5868
1378,TITAN,Mar 2016,89,3418,113,2723,6342,771,107,30,5434,6342
1379,TITAN,Mar 2017,89,4144,1882,2293,8408,1189,152,431,6636,8408
1380,TITAN,Mar 2018,89,5001,1691,2740,9521,1474,43,36,7968,9521
1381,TITAN,Mar 2019,89,5981,2393,3247,11710,1567,32,108,10003,11710
1382,TITAN,Mar 2020,89,6580,3562,3313,13544,2633,18,158,10735,13544
1383,TITAN,Mar 2021,89,7408,5638,3309,16444,2523,32,2824,11065,16444
1384,TITAN,Mar 2022,89,9214,7275,4610,21188,2544,85,294,18265,21188
1385,TITAN,Mar 2023,89,11762,9367,5802,27020,2998,144,2515,21363,27020
1386,TITAN,Mar 2024,89,9304,15528,6626,31547,3709,97,2345,25396,31547
1387,TITAN,Sep 2024,89,9647,21648,7442,38826,3894,65,2535,32332,38826
1388,TECHM,Mar 2013,128,5298,1380,2178,8984,1245,34,4099,3607,8984
1389,TECHM,Mar 2014,234,8948,363,6394,15940,2594,266,1472,11607,15940
1390,TECHM,Mar 2015,480,11768,700,6899,19848,4033,568,2103,13145,19848
1391,TECHM,Mar 2016,436,14155,1091,6843,22525,4309,629,1297,16289,22525
1392,TECHM,Mar 2017,439,15998,1366,8254,26057,6460,373,2396,16828,26057
1393,TECHM,Mar 2018,442,18401,2397,9192,30431,7622,240,4841,17728,30431
1394,TECHM,Mar 2019,444,19841,1996,11166,33446,7061,276,7342,18766,33446
1395,TECHM,Mar 2020,436,21377,3670,11834,37318,8872,50,5848,22548,37318
1396,TECHM,Mar 2021,437,24428,2901,11836,39602,9018,118,10238,20228,39602
1397,TECHM,Mar 2022,439,26447,2618,14911,44416,14784,165,4884,24583,44416
1398,TECHM,Mar 2023,440,27484,2740,15162,45827,14932,120,3388,27388,45827
1399,TECHM,Mar 2024,441,26228,2537,13943,43149,13903,133,3238,25875,43149
1400,TECHM,Sep 2024,442,26004,2035,14346,42827,13818,11,2312,26686,42827
1401,TATACONSUM,Mar 2013,62,4748,1389,2595,8794,4434,91,578,3691,8794
1402,TATACONSUM,Mar 2014,62,5787,1438,2625,9911,5181,60,611,4060,9911
1403,TATACONSUM,Mar 2015,62,5431,1324,2641,9458,4922,47,622,3867,9458
1404,TATACONSUM,Mar 2016,63,6184,1354,2294,9895,4662,39,1366,3828,9895
1405,TATACONSUM,Mar 2017,63,6202,787,2499,9551,4573,63,1451,3465,9551
1406,TATACONSUM,Mar 2018,63,6968,1068,2362,10461,4798,135,1161,4366,10461
1407,TATACONSUM,Mar 2019,63,7269,1141,2408,10881,4913,424,1188,4355,10881
1408,TATACONSUM,Mar 2020,92,13723,1586,3072,18473,11656,95,1323,5399,18473
1409,TATACONSUM,Mar 2021,92,14442,1634,4050,20218,12023,113,806,7276,20218
1410,TATACONSUM,Mar 2022,92,15050,1412,4521,21075,12599,247,797,7431,21075
1411,TATACONSUM,Mar 2023,93,16184,1600,4886,22762,13070,295,1433,7965,22762
1412,TATACONSUM,Mar 2024,95,15962,3477,8345,27879,19358,190,871,7461,27879
1413,TATACONSUM,Sep 2024,99,19033,2955,8883,30970,21712,193,992,8074,30970
1414,TCS,Mar 2013,196,38350,332,13054,51932,9828,1895,1897,38312,51932
1415,TCS,Mar 2014,196,48999,297,17337,66829,9544,3168,3434,50682,66829
1416,TCS,Mar 2015,196,50439,358,22325,73318,11638,2766,1662,57252,73318
1417,TCS,Mar 2016,197,70875,245,16974,88291,11774,1670,22822,52025,88291
1418,TCS,Mar 2017,197,86017,289,15830,102333,11701,1541,41980,47111,102333
1419,TCS,Mar 2018,191,84937,247,19751,105126,11973,1278,36008,55867,105126
1420,TCS,Mar 2019,375,89071,62,24393,113901,12290,963,29330,71318,113901
1421,TCS,Mar 2020,375,83751,8174,27827,120127,20928,906,26356,71937,120127
1422,TCS,Mar 2021,370,86063,7795,35764,129992,21021,926,29373,78672,129992
1423,TCS,Mar 2022,366,88773,7818,43967,140924,21298,1205,30485,87936,140924
1424,TCS,Mar 2023,366,90058,7688,44747,142859,20515,1234,37163,83947,142859
1425,TCS,Mar 2024,362,90127,8021,46962,145472,19604,1564,31762,92542,145472
1426,TCS,Sep 2024,362,101133,9046,50583,161124,20729,1500,36081,102814,161124
1427,TATASTEEL,Mar 2013,971,33201,68529,44176,146876,68002,14277,3258,61340,146876
1428,TATASTEEL,Mar 2014,971,39561,81629,49443,171604,74907,26822,5093,64781,171604
1429,TATASTEEL,Mar 2015,971,30378,80701,47059,159109,68100,28678,3455,58876,159109
1430,TATASTEEL,Mar 2016,970,42762,81987,51165,176884,72200,35996,10714,57974,176884
1431,TATASTEEL,Mar 2017,970,36849,83014,51614,172447,92007,15784,12457,52200,172447
1432,TATASTEEL,Mar 2018,1145,59726,92147,55704,208722,96105,16614,17899,78103,208722
1433,TATASTEEL,Mar 2019,1145,67780,100816,63032,232773,124442,18641,5738,83952,232773
1434,TATASTEEL,Mar 2020,1145,72431,116328,59245,249149,134551,19497,6285,88816,249149
1435,TATASTEEL,Mar 2021,1198,73041,88501,81169,243909,135775,19007,10682,78445,243909
1436,TATASTEEL,Mar 2022,1221,113222,75561,92417,282422,133288,22046,13140,113948,282422
1437,TATASTEEL,Mar 2023,1221,101861,84893,97421,285396,146621,31213,8410,99151,285396
1438,TATASTEEL,Mar 2024,1247,90788,87082,90195,269312,148814,34356,6258,79885,269312
1439,TATASTEEL,Sep 2024,1247,88900,99392,91302,280841,149550,39051,6471,85769,280841
1440,TECHM,Mar 2013,128,5298,1380,2178,8984,1245,34,4099,3607,8984
1441,TECHM,Mar 2014,234,8948,363,6394,15940,2594,266,1472,11607,15940
1442,TECHM,Mar 2015,480,11768,700,6899,19848,4033,568,2103,13145,19848
1443,TECHM,Mar 2016,436,14155,1091,6843,22525,4309,629,1297,16289,22525
1444,TECHM,Mar 2017,439,15998,1366,8254,26057,6460,373,2396,16828,26057
1445,TECHM,Mar 2018,442,18401,2397,9192,30431,7622,240,4841,17728,30431
1446,TECHM,Mar 2019,444,19841,1996,11166,33446,7061,276,7342,18766,33446
1447,TECHM,Mar 2020,436,21377,3670,11834,37318,8872,50,5848,22548,37318
1448,TECHM,Mar 2021,437,24428,2901,11836,39602,9018,118,10238,20228,39602
1449,TECHM,Mar 2022,439,26447,2618,14911,44416,14784,165,4884,24583,44416
1450,TECHM,Mar 2023,440,27484,2740,15162,45827,14932,120,3388,27388,45827
1451,TECHM,Mar 2024,441,26228,2537,13943,43149,13903,133,3238,25875,43149
1452,TECHM,Sep 2024,442,26004,2035,14346,42827,13818,11,2312,26686,42827
1453,TATAPOWER,Mar 2013,237,12098,37882,17038,67257,41353,2358,3120,20426,67257
1454,TATAPOWER,Mar 2014,237,12164,40173,18810,71383,43394,3389,3019,21582,71383
1455,TATAPOWER,Mar 2015,270,14048,40607,20260,75185,44726,3323,3445,23692,75185
1456,TATAPOWER,Mar 2016,270,11363,38849,19575,70057,36414,1345,11785,20513,70057
1457,TATAPOWER,Mar 2017,270,12944,48815,20799,82829,46595,2178,11873,22184,82829
1458,TATAPOWER,Mar 2018,270,16129,48589,16903,81892,44656,1653,12429,23154,81892
1459,TATAPOWER,Mar 2019,270,18035,48506,17262,84073,44305,2576,13542,23651,84073
1460,TATAPOWER,Mar 2020,270,19296,51936,18172,89674,47666,1612,14535,25861,89674
1461,TATAPOWER,Mar 2021,320,22003,46708,29625,98655,52179,3270,13149,30056,98655
1462,TATAPOWER,Mar 2022,320,22122,51195,38913,112550,57389,4635,14160,36365,112550
1463,TATAPOWER,Mar 2023,320,28468,52923,46386,128096,61747,5376,16670,44303,128096
1464,TATAPOWER,Mar 2024,320,32036,53689,53010,139054,67210,11561,16316,43968,139054
1465,TATAPOWER,Sep 2024,320,33360,58314,53137,145130,70167,14306,15441,45216,145130
1466,TATAMOTORS,Mar 2013,638,36999,53716,76977,168330,55512,18454,8765,85600,168330
1467,TATAMOTORS,Mar 2014,644,64960,60642,92180,218426,69092,33263,10687,105385,218426
1468,TATAMOTORS,Mar 2015,644,55618,73610,107442,237315,88479,28640,15337,104858,237315
1469,TATAMOTORS,Mar 2016,679,78273,69360,114872,263184,107232,25919,23767,106266,263184
1470,TATAMOTORS,Mar 2017,679,57383,78604,135914,272580,95944,33699,20338,122600,272580
1471,TATAMOTORS,Mar 2018,679,94749,88950,142813,327192,121414,40034,20813,144932,327192
1472,TATAMOTORS,Mar 2019,679,59500,106175,139349,305703,111234,31884,15771,146814,305703
1473,TATAMOTORS,Mar 2020,720,62359,124788,132313,320179,127107,35622,16308,141141,320179
1474,TATAMOTORS,Mar 2021,766,54481,142131,144193,341570,138708,20964,24620,157278,341570
1475,TATAMOTORS,Mar 2022,766,43795,146449,138051,329061,138855,10251,29380,150575,329061
1476,TATAMOTORS,Mar 2023,766,44556,134113,155239,334674,132080,14274,26379,161941,334674
1477,TATAMOTORS,Mar 2024,766,84152,107262,177340,369521,121285,35698,22971,189566,369521
1478,TATAMOTORS,Sep 2024,736,100326,106549,183045,390656,157718,15526,33381,184031,390656
