"bluestock_fintech_—_nifty_100__|__profit_&_loss__|__1,276_records",unnamed:_1,unnamed:_2,unnamed:_3,unnamed:_4,unnamed:_5,unnamed:_6,unnamed:_7,unnamed:_8,unnamed:_9,unnamed:_10,unnamed:_11,unnamed:_12,unnamed:_13,unnamed:_14
id,company_id,year,sales,expenses,operating_profit,opm_percentage,other_income,interest,depreciation,profit_before_tax,tax_percentage,net_profit,eps,dividend_payout
61,ABB,Dec 2012,1653,1451,202,12,33,0,19,215,33,145,68,25
62,ABB,Mar 2014,2276,2009,267,12,49,0,22,295,33,198,93,25
63,ABB,Mar 2015,2289,1977,312,14,48,0,15,344,34,229,108,29
64,ABB,Mar 2016,2614,2250,365,14,50,3,14,398,36,255,120,29
65,ABB,Mar 2017,2903,2505,398,14,57,2,16,436,37,277,130,31
66,ABB,Mar 2018,3298,2774,525,16,117,4,16,621,35,401,189,29
67,ABB,Mar 2019,3679,3074,605,16,113,2,17,699,36,450,212,31
68,ABB,Mar 2020,4093,3336,757,18,114,9,60,803,26,593,279,90
69,ABB,Mar 2021,4310,3388,922,21,81,18,58,926,25,691,325,85
70,ABB,Mar 2022,4913,3832,1082,22,83,19,66,1080,26,799,376,73
71,ABB,Mar 2023,5349,4143,1206,23,154,16,70,1274,25,949,447,73
72,ABB,Mar 2024,5849,4396,1453,25,248,12,71,1618,26,1201,565,73
73,ABB,TTM,6066,4519,1547,26,265,11,72,1728,,1285,605,
86,ADANIENSOL,Mar 2014,0,0,0,,0,0,0,0,0,0,0,
87,ADANIENSOL,Mar 2015,131,29,101,78,3,73,37,-5,34,-7,0,0
88,ADANIENSOL,Mar 2016,2194,267,1927,88,70,957,560,480,23,368,3,0
89,ADANIENSOL,Mar 2017,2876,893,1983,69,22,904,569,532,22,416,4,0
90,ADANIENSOL,Mar 2018,3944,1118,2826,72,111,886,579,1472,22,1143,10,0
91,ADANIENSOL,Mar 2019,7305,4528,2778,38,336,1391,882,840,33,559,5,0
92,ADANIENSOL,Mar 2020,11416,7158,4258,37,261,2238,1174,1107,36,706,7,0
93,ADANIENSOL,Mar 2021,9926,5976,3950,40,1115,2117,1329,1620,20,1290,11,0
94,ADANIENSOL,Mar 2022,11258,7051,4206,37,1286,2365,1427,1700,27,1236,11,0
95,ADANIENSOL,Mar 2023,13293,8775,4518,34,1583,2781,1608,1712,25,1281,11,0
96,ADANIENSOL,Mar 2024,16607,10896,5711,30,611,2767,1776,1780,33,1196,10,0
97,ADANIENSOL,TTM,22099,15507,6592,,-844,3183,1912,653,,589,6,
98,ADANIENT,Mar 2013,46375,40354,6021,13,1775,3492,2298,2005,39,1218,15,10
99,ADANIENT,Mar 2014,54947,45564,9383,17,1157,5703,3223,1614,-64,2646,20,7
100,ADANIENT,Mar 2015,64465,52015,12450,19,792,7056,3522,2663,14,2298,18,8
101,ADANIENT,Mar 2016,34008,32325,1684,5,1044,1357,314,1056,7,1000,9,4
102,ADANIENT,Mar 2017,36533,34631,1902,5,749,1257,315,1079,25,925,9,4
103,ADANIENT,Mar 2018,35924,33886,2038,6,363,1250,664,487,23,594,7,6
104,ADANIENT,Mar 2019,40379,38409,1969,5,504,1625,390,459,32,506,7,6
105,ADANIENT,Mar 2020,43403,41108,2294,5,872,1572,472,1122,29,1040,10,10
106,ADANIENT,Mar 2021,39537,37031,2506,6,494,1377,537,1086,31,1046,8,12
107,ADANIENT,Mar 2022,69420,65707,3714,5,1012,2526,1248,952,50,788,7,14
108,ADANIENT,Mar 2023,127540,118722,8818,7,834,3969,2436,3247,32,2422,22,6
109,ADANIENT,Mar 2024,96421,85044,11377,12,1146,4555,3042,4926,33,3335,28,5
110,ADANIENT,TTM,102311,88418,13893,14,1489,4150,3541,7691,,6086,49,
111,ADANIGREEN,Mar 2017,502,98,403,80,80,334,333,-184,-75,-47,0,0
112,ADANIGREEN,Mar 2018,1480,637,843,57,42,552,543,-210,-35,-138,-1,0
113,ADANIGREEN,Mar 2019,2058,532,1526,74,73,1121,1062,-585,-19,-475,-3,0
114,ADANIGREEN,Mar 2020,2549,1098,1450,57,-111,995,394,-50,23,-68,0,0
115,ADANIGREEN,Mar 2021,3124,883,2241,72,391,1953,486,193,6,182,1,0
116,ADANIGREEN,Mar 2022,5133,1621,3512,68,507,2617,849,553,12,489,3,0
117,ADANIGREEN,Mar 2023,7776,2806,4970,64,667,2911,1300,1426,32,973,6,0
118,ADANIGREEN,Mar 2024,9220,1902,7318,79,1262,5006,1903,1671,25,1260,7,0
119,ADANIGREEN,TTM,10782,2682,8100,75,891,4959,2323,1709,,1928,9,0
120,ADANIPORTS,Mar 2013,3577,1195,2382,67,344,542,422,1762,7,1639,8,12
121,ADANIPORTS,Mar 2014,4830,1910,2919,60,685,977,649,1978,12,1741,8,12
122,ADANIPORTS,Mar 2015,6152,2250,3902,63,686,1175,912,2501,7,2324,11,10
123,ADANIPORTS,Mar 2016,7109,2532,4577,64,730,1124,1063,3119,9,2856,14,8
124,ADANIPORTS,Mar 2017,8439,3021,5418,64,1037,1116,1160,4179,7,3902,19,7
125,ADANIPORTS,Mar 2018,11323,4166,7157,63,844,1579,1188,5234,30,3690,18,11
126,ADANIPORTS,Mar 2019,10925,4330,6596,60,1289,1385,1373,5126,21,4045,19,1
127,ADANIPORTS,Mar 2020,11873,5926,5947,50,1928,1951,1680,4244,11,3785,19,17
128,ADANIPORTS,Mar 2021,12550,3862,8688,69,1967,2255,2107,6292,20,5049,25,20
129,ADANIPORTS,Mar 2022,17119,7591,9528,56,1832,2544,3099,5717,13,4953,23,22
130,ADANIPORTS,Mar 2023,20852,9905,10947,52,327,2363,3425,5487,2,5391,25,20
131,ADANIPORTS,Mar 2024,26711,11121,15589,58,671,2733,3888,9639,16,8104,38,16
132,ADANIPORTS,TTM,28443,11278,17165,60,1039,2591,4053,11560,,9743,45,
133,ADANIPORTS,Mar 2013,3577,1195,2382,67,344,542,422,1762,7,1639,8,12
134,ADANIPORTS,Mar 2014,4830,1910,2919,60,685,977,649,1978,12,1741,8,12
135,ADANIPORTS,Mar 2015,6152,2250,3902,63,686,1175,912,2501,7,2324,11,10
136,ADANIPORTS,Mar 2016,7109,2532,4577,64,730,1124,1063,3119,9,2856,14,8
137,ADANIPORTS,Mar 2017,8439,3021,5418,64,1037,1116,1160,4179,7,3902,19,7
138,ADANIPORTS,Mar 2018,11323,4166,7157,63,844,1579,1188,5234,30,3690,18,11
139,ADANIPORTS,Mar 2019,10925,4330,6596,60,1289,1385,1373,5126,21,4045,19,1
140,ADANIPORTS,Mar 2020,11873,5926,5947,50,1928,1951,1680,4244,11,3785,19,17
141,ADANIPORTS,Mar 2021,12550,3862,8688,69,1967,2255,2107,6292,20,5049,25,20
142,ADANIPORTS,Mar 2022,17119,7591,9528,56,1832,2544,3099,5717,13,4953,23,22
143,ADANIPORTS,Mar 2023,20852,9905,10947,52,327,2363,3425,5487,2,5391,25,20
144,ADANIPORTS,Mar 2024,26711,11121,15589,58,671,2733,3888,9639,16,8104,38,16
145,ADANIPORTS,TTM,28443,11278,17165,60,1039,2591,4053,11560,,9743,45,
146,ADANIPOWER,Mar 2013,6692,5732,960,14,215,1703,1290,-1818,26,-2295,-10,0
147,ADANIPOWER,Mar 2014,15328,10735,4593,30,137,4162,1937,-1370,-79,-291,-1,0
148,ADANIPOWER,Mar 2015,18683,14005,4678,25,1188,4864,1818,-816,0,-816,-3,0
149,ADANIPOWER,Mar 2016,25377,16575,8802,35,-201,5560,2666,375,-47,551,2,0
150,ADANIPOWER,Mar 2017,22616,16635,5980,26,-3666,5902,2672,-6260,-1,-6174,-16,0
151,ADANIPOWER,Mar 2018,20304,14868,5436,27,754,5570,2699,-2079,0,-2103,-5,0
152,ADANIPOWER,Mar 2019,23884,18901,4983,21,2448,5657,2751,-976,1,-984,-3,0
153,ADANIPOWER,Mar 2020,26468,20734,5734,22,323,5315,3006,-2265,0,-2275,-6,0
154,ADANIPOWER,Mar 2021,26221,17533,8688,33,1909,5106,3202,2289,45,1270,3,0
155,ADANIPOWER,Mar 2022,27711,17830,9881,36,3908,4095,3118,6577,25,4912,13,0
156,ADANIPOWER,Mar 2023,38773,28677,10096,26,4216,3334,3304,7675,-40,10727,28,0
157,ADANIPOWER,Mar 2024,50351,32124,18228,36,9883,3388,3931,20792,0,20829,54,0
158,ADANIPOWER,TTM,54650,33685,20965,38,2124,3235,4046,15808,,12686,33,
159,AMBUJACEM,Dec 2012,9749,7276,2473,25,69,78,569,1896,32,1292,8,43
160,AMBUJACEM,Dec 2013,9161,7492,1669,18,390,67,494,1498,15,1278,8,44
161,AMBUJACEM,Dec 2014,9955,8022,1934,19,419,66,513,1774,16,1487,10,46
162,AMBUJACEM,Dec 2015,9437,7895,1542,16,353,92,630,1173,31,808,5,54
163,AMBUJACEM,Dec 2016,20094,16913,3181,16,441,153,1461,2008,29,1434,6,50
164,AMBUJACEM,Dec 2017,23609,19751,3858,16,335,206,1219,2768,30,1945,8,47
165,AMBUJACEM,Dec 2018,26041,22030,4011,15,232,170,1154,2919,-2,2973,11,14
166,AMBUJACEM,Dec 2019,27104,22507,4597,17,601,170,1153,3875,28,2783,11,14
167,AMBUJACEM,Dec 2020,24516,19511,5006,20,288,140,1162,3992,22,3107,12,151
168,AMBUJACEM,Dec 2021,28965,22755,6210,21,252,146,1152,5164,28,3711,14,45
169,AMBUJACEM,Mar 2023 15,38937,33815,5122,13,447,195,1645,3729,19,3024,13,19
170,AMBUJACEM,Mar 2024,33160,26760,6400,19,1401,276,1623,5901,20,4738,16,12
171,AMBUJACEM,TTM,32850,27028,5822,18,1230,298,1899,4856,,3871,13,
172,APOLLOHOSP,Mar 2013,3769,3157,612,16,33,103,142,399,26,303,22,25
173,APOLLOHOSP,Mar 2014,4357,3681,676,16,18,119,168,407,25,315,23,25
174,APOLLOHOSP,Mar 2015,5129,4392,737,14,47,118,212,455,29,335,24,24
175,APOLLOHOSP,Mar 2016,6150,5465,684,11,92,180,264,332,29,235,17,35
176,APOLLOHOSP,Mar 2017,7256,6522,734,10,60,257,314,222,41,131,16,38
177,APOLLOHOSP,Mar 2018,8243,7442,801,10,24,295,359,171,65,60,8,59
178,APOLLOHOSP,Mar 2019,9617,8548,1070,11,26,327,396,373,47,200,17,35
179,APOLLOHOSP,Mar 2020,11247,9656,1591,14,222,533,620,660,34,432,33,18
180,APOLLOHOSP,Mar 2021,10560,9420,1140,11,103,449,573,221,38,137,10,29
181,APOLLOHOSP,Mar 2022,14663,12474,2189,15,368,379,601,1578,30,1108,73,16
182,APOLLOHOSP,Mar 2023,16612,14548,2065,12,75,381,615,1144,22,844,57,26
183,APOLLOHOSP,Mar 2024,19059,16665,2394,13,105,449,687,1362,33,935,63,26
184,APOLLOHOSP,TTM,20469,17725,2745,13,158,466,719,1719,,1224,82,
185,ASIANPAINT,Mar 2013,10504,8767,1737,17,114,42,155,1655,30,1160,12,40
186,ASIANPAINT,Mar 2014,12220,10217,2004,16,124,48,246,1834,31,1263,13,42
187,ASIANPAINT,Mar 2015,13615,11372,2243,16,142,42,266,2077,31,1427,15,42
188,ASIANPAINT,Mar 2016,14271,11546,2725,19,213,49,276,2614,32,1803,18,41
189,ASIANPAINT,Mar 2017,15062,12068,2994,20,338,37,335,2960,32,2016,20,51
190,ASIANPAINT,Mar 2018,16825,13621,3204,19,336,41,360,3138,33,2098,21,41
191,ASIANPAINT,Mar 2019,19240,15475,3765,20,274,110,622,3306,33,2208,22,47
192,ASIANPAINT,Mar 2020,20211,16054,4157,21,355,102,780,3629,24,2774,28,43
193,ASIANPAINT,Mar 2021,21713,16857,4856,22,332,92,791,4304,26,3207,33,55
194,ASIANPAINT,Mar 2022,29101,24298,4804,17,296,95,816,4188,26,3085,32,61
195,ASIANPAINT,Mar 2023,34489,28229,6260,18,431,144,858,5689,26,4195,43,60
196,ASIANPAINT,Mar 2024,35495,27910,7585,21,821,205,853,7348,24,5558,57,58
197,ASIANPAINT,TTM,34831,28150,6681,19,616,227,916,6155,,4631,48,
198,ATGL,Mar 2018,1374,1008,366,27,80,125,61,259,36,162,6,0
199,ATGL,Mar 2019,1719,1264,455,26,59,90,67,357,36,229,2,12
200,ATGL,Mar 2020,1875,1280,595,32,44,41,51,547,20,436,4,6
201,ATGL,Mar 2021,1696,991,704,42,30,40,63,631,25,463,4,6
202,ATGL,Mar 2022,3038,2265,773,25,46,53,83,684,26,509,5,5
203,ATGL,Mar 2023,4378,3508,870,20,54,78,113,733,25,546,5,5
204,ATGL,Mar 2024,4475,3371,1104,25,62,111,158,896,26,668,6,4
205,ATGL,TTM,4826,3672,1153,24,52,106,199,900,,668,6,
206,BAJAJ-AUTO,Mar 2013,20025,16370,3656,18,790,1,168,4277,29,3133,108,42
207,BAJAJ-AUTO,Mar 2014,20137,15974,4163,21,674,1,181,4655,31,3380,117,43
208,BAJAJ-AUTO,Mar 2015,21595,17467,4128,19,228,6,267,4083,31,3026,105,48
209,BAJAJ-AUTO,Mar 2016,22574,17781,4793,21,1194,1,307,5679,28,4061,140,39
210,BAJAJ-AUTO,Mar 2017,21755,17326,4429,20,1468,1,307,5588,27,4079,141,39
211,BAJAJ-AUTO,Mar 2018,25210,20364,4846,19,1404,1,315,5933,29,4219,146,41
212,BAJAJ-AUTO,Mar 2019,30358,25160,5198,17,2028,4,266,6956,29,4928,170,35
213,BAJAJ-AUTO,Mar 2020,29919,24809,5109,17,1832,3,246,6692,22,5212,180,67
214,BAJAJ-AUTO,Mar 2021,27741,22803,4938,18,1570,7,259,6241,22,4857,168,83
215,BAJAJ-AUTO,Mar 2022,33145,27886,5259,16,2671,9,270,7652,19,6166,213,66
216,BAJAJ-AUTO,Mar 2023,36455,29991,6465,18,1703,40,286,7842,23,6060,214,65
217,BAJAJ-AUTO,Mar 2024,44870,36106,8765,20,1700,60,365,10040,23,7708,276,29
218,BAJAJ-AUTO,TTM,48900,39757,9143,19,1535,164,379,10135,,7371,263,
219,AXISBANK,Mar 2013,27183,17516,8313,1353,5,6551,352,7553,31,5179,22,16
220,AXISBANK,Mar 2014,30641,18690,9644,2307,8,7405,364,9349,33,6218,26,15
221,AXISBANK,Mar 2015,35479,21254,11127,3097,9,8365,406,11057,33,7358,31,15
222,AXISBANK,Mar 2016,40988,24155,13367,3466,8,9371,444,12394,34,8224,35,14
223,AXISBANK,Mar 2017,44542,26449,23808,-5715,-13,11691,509,5468,33,3679,15,33
224,AXISBANK,Mar 2018,45780,27163,28895,-10277,-22,10967,568,122,-99,276,1,0
225,AXISBANK,Mar 2019,54986,33278,27155,-5447,-10,13130,710,6974,33,4677,18,6
226,AXISBANK,Mar 2020,62635,37429,35066,-9859,-16,15537,773,4904,67,1627,6,0
227,AXISBANK,Mar 2021,63346,34107,31749,-2510,-4,12264,948,8806,25,6588,22,0
228,AXISBANK,Mar 2022,67377,34245,29962,3170,5,15221,1008,17383,25,13025,42,2
229,AXISBANK,Mar 2023,85164,42218,29089,13857,16,16143,13094,16906,43,9580,31,3
230,AXISBANK,Mar 2024,109369,59474,37943,11952,11,22442,1334,33060,25,24861,81,1
231,AXISBANK,TTM,120659,67033,44566,9061,8,25243,0,34304,,26386,85,
232,BAJAJFINSV,Mar 2013,8055,4124,3931,49,2,1204,22,2708,18,2214,10,2
233,BAJAJFINSV,Mar 2014,6023,1531,4491,75,3,1562,31,2902,24,2191,10,2
234,BAJAJFINSV,Mar 2015,11335,5823,5511,49,8,2230,38,3251,26,2409,11,2
235,BAJAJFINSV,Mar 2016,20533,13795,6739,33,0,2877,58,3804,27,2775,12,1
236,BAJAJFINSV,Mar 2017,24507,15794,8713,36,0,3716,73,4925,30,3450,14,1
237,BAJAJFINSV,Mar 2018,32862,22074,10788,33,1,4531,160,6099,32,4176,17,1
238,BAJAJFINSV,Mar 2019,42605,27569,15037,35,2,6657,226,8155,34,5374,20,1
239,BAJAJFINSV,Mar 2020,54351,36094,18258,34,0,9500,457,8302,28,5994,21,2
240,BAJAJFINSV,Mar 2021,60592,40950,19641,32,-7,9274,498,9862,25,7367,28,1
241,BAJAJFINSV,Mar 2022,68406,46951,21455,31,8,9629,563,11271,26,8314,29,1
242,BAJAJFINSV,Mar 2023,82072,52204,29868,36,1,12380,678,16811,27,12210,40,2
243,BAJAJFINSV,Mar 2024,110382,69497,40886,37,-4,18607,900,21375,27,15595,51,2
244,BAJAJFINSV,TTM,126263,80784,45479,36,12,21568,1031,22892,,16520,53,
245,BAJAJHLDNG,Mar 2013,337,15,322,95,3,0,2,322,21,1856,167,15
246,BAJAJHLDNG,Mar 2014,423,23,400,94,5,0,5,400,20,1988,179,17
247,BAJAJHLDNG,Mar 2015,524,40,484,92,35,0,6,513,19,2029,182,19
248,BAJAJHLDNG,Mar 2016,470,42,429,91,7,0,5,430,21,2265,204,16
249,BAJAJHLDNG,Mar 2017,842,215,628,75,8,0,5,630,21,2473,222,15
250,BAJAJHLDNG,Mar 2018,420,65,355,85,2390,0,5,2739,3,2655,239,17
251,BAJAJHLDNG,Mar 2019,431,85,347,80,2827,0,4,3170,4,3048,274,12
252,BAJAJHLDNG,Mar 2020,435,134,301,69,3058,13,33,3314,7,3080,269,15
253,BAJAJHLDNG,Mar 2021,457,106,352,77,3451,4,34,3766,3,3654,328,12
254,BAJAJHLDNG,Mar 2022,484,117,367,76,3896,3,34,4226,2,4126,364,32
255,BAJAJHLDNG,Mar 2023,522,142,380,73,4673,7,34,5012,1,4946,436,28
256,BAJAJHLDNG,Mar 2024,1702,140,1562,92,5967,2,34,7493,2,7365,653,20
257,BAJAJHLDNG,TTM,1733,178,1554,90,6055,2,34,7574,,7486,666,
258,BAJFINANCE,Mar 2015,5392,2274,1752,1367,25,26,36,1357,34,898,18,10
259,BAJFINANCE,Mar 2016,7299,2959,2354,1986,27,35,56,1965,35,1279,24,10
260,BAJFINANCE,Mar 2017,9970,3853,3250,2867,29,22,71,2817,35,1836,33,11
261,BAJFINANCE,Mar 2018,12746,4696,4115,3935,31,10,102,3843,35,2496,43,9
262,BAJFINANCE,Mar 2019,18487,6723,5454,6310,34,13,144,6179,35,3995,69,9
263,BAJFINANCE,Mar 2020,26374,9608,9159,7608,29,9,295,7322,28,5264,87,11
264,BAJFINANCE,Mar 2021,26673,9519,10839,6314,24,3,325,5992,26,4420,73,14
265,BAJFINANCE,Mar 2022,31641,9855,11880,9906,31,-17,385,9504,26,7028,116,17
266,BAJFINANCE,Mar 2023,41411,12701,12693,16018,39,-5,485,15528,26,11508,190,16
267,BAJFINANCE,Mar 2024,54972,18886,16099,19987,36,6,683,19310,25,14451,233,15
268,BAJFINANCE,TTM,62279,21918,18943,21417,34,29,779,20667,,15389,248,
269,BANKBARODA,Mar 2013,36442,24486,10950,1006,3,4511,322,5195,9,4829,23,19
270,BANKBARODA,Mar 2014,40463,27604,12049,809,2,5555,368,5996,18,5036,23,19
271,BANKBARODA,Mar 2015,44915,30547,13466,902,2,5449,368,5983,36,3950,18,18
272,BANKBARODA,Mar 2016,45799,32107,25391,-11700,-26,5992,525,-6233,-19,-5033,-22,0
273,BANKBARODA,Mar 2017,44473,29596,19250,-4372,-10,7937,540,3024,41,1855,8,15
274,BANKBARODA,Mar 2018,46056,29160,26093,-9197,-20,7992,901,-2106,-9,-1836,-7,0
275,BANKBARODA,Mar 2019,52906,32506,25815,-5414,-10,7887,948,1525,29,1166,4,0
276,BANKBARODA,Mar 2020,78895,50040,40583,-11728,-15,12191,1697,-1234,-99,981,2,0
277,BANKBARODA,Mar 2021,74314,43201,38070,-6957,-9,14687,1357,6373,77,1620,3,0
278,BANKBARODA,Mar 2022,73385,38815,37518,-2948,-4,14395,1438,10008,23,7933,15,19
279,BANKBARODA,Mar 2023,94503,49942,38231,6329,7,16275,2040,20565,29,15005,29,19
280,BANKBARODA,Mar 2024,118379,69899,44379,4102,3,23399,1702,25799,29,18869,36,21
281,BANKBARODA,TTM,124144,74160,46459,3526,3,23807,0,27332,,20144,39,
282,BHARTIARTL,Mar 2013,76947,53987,22960,30,1159,4519,14815,4785,53,2267,4,17
283,BHARTIARTL,Mar 2014,85864,59352,26512,31,2881,5879,15650,7864,62,3019,5,26
284,BHARTIARTL,Mar 2015,96101,62499,33602,35,1243,4446,19858,10540,52,5048,8,33
285,BHARTIARTL,Mar 2016,96532,62548,33984,35,4858,8546,17450,12846,46,6893,11,9
286,BHARTIARTL,Mar 2017,95468,60138,35330,37,1713,9547,19773,7723,45,4241,7,11
287,BHARTIARTL,Mar 2018,82639,52560,30079,36,1756,9326,19243,3267,33,2184,2,194
288,BHARTIARTL,Mar 2019,80780,55016,25764,32,4474,10622,21348,-1732,-99,1688,1,244
289,BHARTIARTL,Mar 2020,87539,50930,36610,42,-37775,13992,27690,-42846,-28,-30664,-55,-3
290,BHARTIARTL,Mar 2021,100616,55337,45279,45,-4215,15091,29404,-3432,99,-12364,-26,0
291,BHARTIARTL,Mar 2022,116547,59013,57534,49,4656,16616,33091,12483,33,8305,7,39
292,BHARTIARTL,Mar 2023,139145,67871,71274,51,1019,19300,36432,16561,26,12287,15,27
293,BHARTIARTL,Mar 2024,149982,71691,78292,52,-3428,22648,39538,12679,32,8558,13,62
294,BHARTIARTL,TTM,155478,74745,80733,52,2190,22424,41690,18809,,13816,22,
295,BEL,Mar 2013,6273,5604,669,11,622,7,136,1147,21,911,1,20
296,BEL,Mar 2014,6518,5593,925,14,438,7,150,1206,21,952,1,20
297,BEL,Mar 2015,7093,5913,1179,17,507,7,166,1513,21,1197,2,20
298,BEL,Mar 2016,7354,5961,1393,19,573,10,192,1764,24,1337,2,31
299,BEL,Mar 2017,8656,6864,1792,21,420,18,212,1983,24,1523,2,33
300,BEL,Mar 2018,10401,8361,2039,20,196,6,272,1957,28,1431,2,34
301,BEL,Mar 2019,12164,9255,2909,24,73,16,338,2628,30,1887,3,44
302,BEL,Mar 2020,12968,10209,2759,21,99,8,372,2478,28,1825,3,37
303,BEL,Mar 2021,14109,10895,3214,23,125,10,387,2942,30,2100,3,46
304,BEL,Mar 2022,15368,12024,3344,22,232,9,401,3166,26,2400,3,46
305,BEL,Mar 2023,17734,13645,4090,23,281,19,429,3923,25,2986,4,44
306,BEL,Mar 2024,20268,15217,5051,25,670,12,443,5266,25,3985,5,40
307,BEL,TTM,21575,15867,5708,26,754,7,445,6010,,4541,6,
308,BHEL,Mar 2013,48903,39420,9483,19,1132,128,957,9531,30,6693,18,20
309,BHEL,Mar 2014,39561,34982,4579,12,1617,133,985,5078,31,3502,10,20
310,BHEL,Mar 2015,31323,29183,2141,7,1221,92,1082,2187,34,1450,4,20
311,BHEL,Mar 2016,25505,26862,-1357,-5,1492,360,937,-1161,-39,-706,-2,-14
312,BHEL,Mar 2017,28465,27370,1095,4,753,413,850,586,22,455,1,85
313,BHEL,Mar 2018,28827,27174,1653,6,679,330,787,1215,64,438,1,151
314,BHEL,Mar 2019,30441,28409,2032,7,662,378,476,1840,46,1002,3,69
315,BHEL,Mar 2020,21463,21596,-133,-1,590,613,503,-659,99,-1468,-4,0
316,BHEL,Mar 2021,17309,20357,-3049,-18,393,467,473,-3596,-25,-2700,-8,0
317,BHEL,Mar 2022,21211,20383,828,4,405,448,314,470,5,445,1,31
318,BHEL,Mar 2023,23365,22321,1044,4,544,612,260,716,9,654,2,21
319,BHEL,Mar 2024,23893,23182,711,3,608,828,249,243,-16,282,1,31
320,BHEL,TTM,25833,24783,1050,4,527,746,248,583,,445,1,
321,BOSCHLTD,Dec 2012,8659,7310,1350,16,369,6,367,1346,29,958,305,20
322,BOSCHLTD,Dec 2013,8757,7468,1289,15,353,0,384,1257,30,885,282,20
323,BOSCHLTD,Mar 2015,12086,10104,1981,16,537,14,548,1956,32,1338,426,20
324,BOSCHLTD,Mar 2016,9701,7823,1878,19,623,13,386,2102,27,1531,488,17
325,BOSCHLTD,Mar 2017,10435,8473,1963,19,912,27,456,2391,27,1741,570,29
326,BOSCHLTD,Mar 2018,11690,9597,2093,18,418,3,467,2041,33,1371,449,22
327,BOSCHLTD,Mar 2019,12085,9931,2154,18,600,13,402,2339,32,1598,542,19
328,BOSCHLTD,Mar 2020,9842,8358,1483,15,-105,10,383,985,34,650,220,48
329,BOSCHLTD,Mar 2021,9718,8555,1163,12,-241,14,341,567,15,482,164,70
330,BOSCHLTD,Mar 2022,11782,10319,1462,12,391,29,324,1500,19,1217,413,51
331,BOSCHLTD,Mar 2023,14929,13120,1810,13,471,12,386,1882,24,1424,483,99
332,BOSCHLTD,Mar 2024,16727,14632,2095,13,1566,51,430,3181,22,2490,844,44
333,BOSCHLTD,TTM,17150,14934,2216,13,876,13,412,2668,,2084,707,
334,BPCL,Mar 2013,242181,235472,6709,3,1492,2518,2463,3220,40,1936,4,42
335,BPCL,Mar 2014,264421,255007,9414,4,1344,1982,2611,6166,34,4053,9,31
336,BPCL,Mar 2015,242598,232818,9780,4,2117,1180,3027,7690,34,5082,11,34
337,BPCL,Mar 2016,187815,174844,12971,7,1913,680,2072,12132,33,8089,19,25
338,BPCL,Mar 2017,201251,187468,13783,7,2721,696,2108,13700,31,9507,20,49
339,BPCL,Mar 2018,235895,220578,15317,6,2927,1186,2885,14174,31,9792,21,46
340,BPCL,Mar 2019,298226,283113,15112,5,2975,1764,3418,12905,34,8528,18,48
341,BPCL,Mar 2020,284572,275597,8975,3,1393,2637,4080,3652,0,3666,7,106
342,BPCL,Mar 2021,230171,209170,21001,9,7489,1723,4334,22432,23,17320,37,102
343,BPCL,Mar 2022,346791,327654,19137,6,4939,2606,5434,16037,27,11682,27,29
344,BPCL,Mar 2023,473187,462288,10899,2,2036,3745,6369,2821,24,2131,5,40
345,BPCL,Mar 2024,448083,404001,44082,10,3032,4149,6771,36194,26,26859,62,33
346,BPCL,TTM,445601,419046,26554,6,3037,3640,6996,18955,,13734,32,
347,BRITANNIA,Mar 2013,6185,5765,421,7,52,41,73,358,27,260,11,39
348,BRITANNIA,Mar 2014,6913,6286,627,9,34,8,83,569,30,395,16,36
349,BRITANNIA,Mar 2015,7858,6988,870,11,228,4,144,950,28,689,29,28
350,BRITANNIA,Mar 2016,8397,7174,1224,15,115,5,113,1220,32,825,34,29
351,BRITANNIA,Mar 2017,9054,7776,1278,14,151,5,119,1304,32,885,37,30
352,BRITANNIA,Mar 2018,9914,8413,1501,15,166,8,142,1518,34,1004,42,30
353,BRITANNIA,Mar 2019,11055,9322,1732,16,206,9,162,1768,35,1155,48,31
354,BRITANNIA,Mar 2020,11600,9756,1843,16,263,77,185,1844,24,1394,58,60
355,BRITANNIA,Mar 2021,13136,10627,2509,19,313,111,198,2514,26,1851,77,204
356,BRITANNIA,Mar 2022,14136,11935,2201,16,222,144,201,2078,27,1516,63,89
357,BRITANNIA,Mar 2023,16301,13470,2831,17,597,169,226,3033,24,2316,96,75
358,BRITANNIA,Mar 2024,16769,13603,3167,19,211,164,300,2913,27,2134,89,83
359,BRITANNIA,TTM,17244,14107,3136,18,182,121,308,2889,,2129,89,
360,CANBK,Mar 2013,34070,26198,7217,655,2,3308,191,3771,22,2995,12,19
361,CANBK,Mar 2014,39570,30606,9636,-672,-2,4144,230,3242,20,2672,10,19
362,CANBK,Mar 2015,43813,34133,10302,-621,-1,4733,429,3683,22,2931,11,17
363,CANBK,Mar 2016,44039,34263,17785,-8008,-18,5266,172,-2914,-13,-2535,-9,0
364,CANBK,Mar 2017,41457,31540,15691,-5775,-14,7852,331,1746,29,1411,5,4
365,CANBK,Mar 2018,41345,29113,25582,-13350,-32,7398,456,-6408,-36,-3873,-11,0
366,CANBK,Mar 2019,47951,32339,27202,-11590,-24,9907,429,-2111,-99,696,2,0
367,CANBK,Mar 2020,49759,35817,26809,-12867,-26,11799,446,-1514,34,-1921,-4,0
368,CANBK,Mar 2021,70253,45182,43437,-18367,-26,23086,838,3882,30,2957,4,0
369,CANBK,Mar 2022,70614,43035,41235,-13657,-19,23643,841,9145,37,6158,7,19
370,CANBK,Mar 2023,85885,52990,42772,-9877,-12,25325,1021,14427,25,11345,12,19
371,CANBK,Mar 2024,110519,72118,46146,-7745,-7,28646,902,20000,26,15401,17,19
372,CANBK,TTM,119392,80351,48026,-8985,-8,30394,0,21409,,16571,18,
373,CHOLAFIN,Mar 2013,2570,1410,688,472,18,1,22,452,32,308,4,16
374,CHOLAFIN,Mar 2014,3279,1769,932,578,18,1,25,554,34,368,5,14
375,CHOLAFIN,Mar 2015,3715,1958,1061,696,19,0,30,666,33,444,6,11
376,CHOLAFIN,Mar 2016,4214,2048,1266,899,21,2,22,879,35,575,7,12
377,CHOLAFIN,Mar 2017,4694,2228,1322,1143,24,3,39,1107,35,718,9,12
378,CHOLAFIN,Mar 2018,5559,2657,1451,1451,26,0,51,1401,34,918,12,11
379,CHOLAFIN,Mar 2019,7108,3588,1632,1888,27,1,57,1832,35,1197,15,8
380,CHOLAFIN,Mar 2020,8712,4592,2421,1699,20,0,111,1588,34,1054,13,13
381,CHOLAFIN,Mar 2021,9583,4576,2913,2094,22,56,102,2048,26,1521,19,11
382,CHOLAFIN,Mar 2022,10148,4298,2926,2924,29,84,101,2908,26,2154,26,8
383,CHOLAFIN,Mar 2023,12884,5748,3621,3515,27,220,121,3615,26,2665,32,6
384,CHOLAFIN,Mar 2024,19163,9231,5385,4548,24,255,198,4605,26,3420,41,5
385,CHOLAFIN,TTM,22502,10875,6452,5175,23,248,243,5180,,3852,46,
386,CIPLA,Mar 2013,8279,34,6065,2214,27,245,330,2095,26,1545,19,10
387,CIPLA,Mar 2014,10173,146,8026,2147,21,251,373,1880,25,1404,17,12
388,CIPLA,Mar 2015,11345,168,9183,2163,19,164,505,1654,24,1229,15,14
389,CIPLA,Mar 2016,13790,207,11310,2480,18,208,754,1727,19,1383,17,12
390,CIPLA,Mar 2017,14394,159,11898,2496,17,208,1323,1222,15,1035,13,16
391,CIPLA,Mar 2018,15156,114,12329,2826,19,280,1323,1669,15,1417,18,17
392,CIPLA,Mar 2019,16362,168,13265,3097,19,477,1326,2079,27,1492,19,16
393,CIPLA,Mar 2020,17132,197,13926,3206,19,344,1175,2178,29,1500,19,21
394,CIPLA,Mar 2021,19160,161,14907,4252,22,266,1068,3290,27,2389,30,17
395,CIPLA,Mar 2022,21763,106,17211,4553,21,99,1052,3493,27,2547,31,16
396,CIPLA,Mar 2023,22753,110,17726,5027,22,293,1172,4038,30,2833,35,24
397,CIPLA,Mar 2024,25774,90,19483,6291,24,552,1051,5702,27,4154,51,25
398,CIPLA,TTM,26981,66,20075,6906,26,822,1087,6576,,4987,62,
399,COALINDIA,Mar 2013,68303,46,50216,18087,26,8752,1813,24979,31,17356,27,51
400,COALINDIA,Mar 2014,70608,59,52842,17766,25,7169,1996,22880,34,15112,24,121
401,COALINDIA,Mar 2015,74120,9,56777,17343,23,6570,2320,21584,36,13727,22,95
402,COALINDIA,Mar 2016,77861,388,59147,18714,24,5939,2826,21440,33,14267,23,121
403,COALINDIA,Mar 2017,78164,410,65716,12448,16,5316,2907,14446,36,9280,15,133
404,COALINDIA,Mar 2018,85244,430,75956,9288,11,4975,3063,10770,35,7038,11,146
405,COALINDIA,Mar 2019,99586,264,74579,25007,25,5834,3450,27127,36,17464,28,46
406,COALINDIA,Mar 2020,96080,503,74500,21581,22,6444,3451,24071,31,16700,27,44
407,COALINDIA,Mar 2021,90026,642,71398,18628,21,3742,3718,18009,29,12702,21,78
408,COALINDIA,Mar 2022,109715,541,84995,24721,23,3866,4429,23616,26,17378,28,60
409,COALINDIA,Mar 2023,138252,684,94020,44232,32,6560,6833,43275,27,31723,52,47
410,COALINDIA,Mar 2024,142324,819,94352,47971,34,8396,6735,48813,23,37369,61,42
411,COALINDIA,TTM,140328,875,93717,46610,33,8145,8357,45523,,34350,56,
412,DABUR,Mar 2013,6140,5148,992,16,100,59,85,948,19,766,4,34
413,DABUR,Mar 2014,7058,5897,1162,16,126,54,97,1136,19,916,5,33
414,DABUR,Mar 2015,7795,6475,1320,17,154,40,115,1319,19,1068,6,33
415,DABUR,Mar 2016,7780,6261,1518,20,217,48,133,1554,19,1254,7,32
416,DABUR,Mar 2017,7614,6102,1512,20,296,54,143,1611,21,1280,7,31
417,DABUR,Mar 2018,7722,6104,1617,21,291,53,162,1693,20,1358,8,81
418,DABUR,Mar 2019,8515,6775,1740,20,222,60,177,1725,16,1446,8,34
419,DABUR,Mar 2020,8685,6892,1792,21,205,50,220,1728,16,1448,8,37
420,DABUR,Mar 2021,9562,7560,2002,21,325,31,240,2056,18,1695,10,50
421,DABUR,Mar 2022,10889,8637,2252,21,308,39,253,2269,23,1742,10,53
422,DABUR,Mar 2023,11530,9367,2162,19,445,78,311,2219,23,1701,10,54
423,DABUR,Mar 2024,12404,10004,2400,19,482,124,399,2359,23,1811,10,53
424,DABUR,TTM,12447,10106,2341,19,537,152,424,2302,,1760,10,
425,DIVISLAB,Mar 2013,2145,1329,816,38,45,3,77,781,23,602,23,33
426,DIVISLAB,Mar 2014,2532,1514,1018,40,68,3,92,991,22,773,29,34
427,DIVISLAB,Mar 2015,3115,1942,1173,38,38,3,136,1072,21,852,32,31
428,DIVISLAB,Mar 2016,3776,2354,1423,38,93,5,118,1393,19,1126,42,24
429,DIVISLAB,Mar 2017,4064,2615,1450,36,72,3,123,1395,24,1060,40,25
430,DIVISLAB,Mar 2018,3891,2622,1269,33,107,2,142,1231,29,877,33,30
431,DIVISLAB,Mar 2019,4946,3072,1874,38,154,5,169,1855,27,1353,51,31
432,DIVISLAB,Mar 2020,5394,3568,1826,34,186,7,186,1819,24,1377,52,31
433,DIVISLAB,Mar 2021,6969,4102,2867,41,57,2,256,2666,26,1984,75,27
434,DIVISLAB,Mar 2022,8960,5075,3885,43,112,2,312,3684,20,2960,112,27
435,DIVISLAB,Mar 2023,7767,5397,2370,31,344,2,343,2369,23,1824,69,44
436,DIVISLAB,Mar 2024,7845,5635,2210,28,335,4,378,2163,26,1600,60,50
437,DIVISLAB,TTM,8614,6056,2558,30,359,3,386,2528,,1836,69,
438,DLF,Mar 2013,7773,5140,2633,34,1279,2314,796,802,17,667,4,48
439,DLF,Mar 2014,8298,5805,2493,30,1133,2463,663,500,-16,590,4,55
440,DLF,Mar 2015,7649,4635,3014,39,503,2304,545,668,24,507,3,66
441,DLF,Mar 2016,9926,5960,3966,40,506,2680,766,1026,55,305,2,117
442,DLF,Mar 2017,8221,4775,3446,42,1135,2980,572,1030,22,708,4,50
443,DLF,Mar 2018,6707,4329,2378,35,9722,2951,534,8615,50,4477,25,8
444,DLF,Mar 2019,8366,6218,2148,26,784,2062,225,646,43,1314,6,33
445,DLF,Mar 2020,6083,4937,1146,19,1135,1427,200,653,99,-590,-2,-85
446,DLF,Mar 2021,5414,3945,1469,27,383,853,159,840,43,1083,4,45
447,DLF,Mar 2022,5717,3974,1743,30,195,625,149,1165,28,1500,6,49
448,DLF,Mar 2023,5695,3969,1726,30,317,392,149,1502,27,2034,8,49
449,DLF,Mar 2024,6427,4303,2124,33,531,356,148,2151,24,2724,11,45
450,DLF,TTM,7001,5116,1885,27,662,386,150,2010,,4004,16,
451,DMART,Mar 2013,3341,3126,215,6,15,43,46,141,34,94,2,0
452,DMART,Mar 2014,4686,4345,341,7,16,56,57,245,34,161,3,0
453,DMART,Mar 2015,6439,5983,456,7,20,72,82,323,34,212,4,0
454,DMART,Mar 2016,8584,7919,664,8,17,91,98,492,35,320,6,0
455,DMART,Mar 2017,11898,10929,969,8,28,122,128,747,36,479,8,0
456,DMART,Mar 2018,15033,13680,1353,9,88,60,159,1222,34,806,13,0
457,DMART,Mar 2019,20005,18371,1633,8,48,47,212,1422,37,902,14,0
458,DMART,Mar 2020,24870,22742,2128,9,60,69,374,1745,25,1301,20,0
459,DMART,Mar 2021,24143,22398,1745,7,194,42,414,1483,26,1099,17,0
460,DMART,Mar 2022,30976,28474,2502,8,114,54,498,2064,28,1492,23,0
461,DMART,Mar 2023,42840,39201,3639,8,128,67,639,3060,22,2378,37,0
462,DMART,Mar 2024,50789,46683,4106,8,145,58,731,3461,27,2536,39,0
463,DMART,TTM,57213,52737,4476,8,137,64,834,3716,,2720,42,
464,DRREDDY,Mar 2013,11833,9164,2669,23,146,100,550,2165,29,1527,18,17
465,DRREDDY,Mar 2014,13415,10164,3251,24,170,127,648,2646,26,1963,23,16
466,DRREDDY,Mar 2015,15023,11515,3508,23,260,108,760,2900,19,2336,27,15
467,DRREDDY,Mar 2016,15568,11983,3585,23,295,83,939,2859,26,2131,25,16
468,DRREDDY,Mar 2017,14196,11724,2472,17,172,79,1027,1554,19,1292,16,26
469,DRREDDY,Mar 2018,14281,11930,2351,16,155,79,1077,1350,32,947,11,35
470,DRREDDY,Mar 2019,15448,12270,3178,21,381,89,1135,2336,17,1950,23,17
471,DRREDDY,Mar 2020,17517,15040,2477,14,670,98,1163,1886,-7,2026,24,21
472,DRREDDY,Mar 2021,19048,15173,3874,20,335,97,1229,2884,32,1952,23,21
473,DRREDDY,Mar 2022,21545,17778,3768,17,555,96,1165,3061,29,2182,26,23
474,DRREDDY,Mar 2023,24670,18200,6470,26,971,143,1250,6048,25,4507,54,15
475,DRREDDY,Mar 2024,28011,20078,7933,28,909,171,1470,7201,23,5578,67,12
476,DRREDDY,TTM,31229,22919,8311,27,862,276,1617,7280,,5448,64,
477,EICHERMOT,Dec 2012,6390,5840,550,9,136,4,82,600,21,475,12,17
478,EICHERMOT,Dec 2013,6810,6094,715,11,93,8,130,671,22,525,15,21
479,EICHERMOT,Dec 2014,8738,7621,1118,13,105,10,220,993,29,702,23,22
480,EICHERMOT,Mar 2016,6173,4484,1690,27,326,2,137,1877,29,1338,49,20
481,EICHERMOT,Mar 2017,7033,4859,2174,31,416,4,154,2433,30,1667,61,16
482,EICHERMOT,Mar 2018,8965,6156,2809,31,536,5,223,3116,30,1960,72,15
483,EICHERMOT,Mar 2019,9797,6893,2904,30,701,7,300,3297,33,2203,81,15
484,EICHERMOT,Mar 2020,9154,6971,2183,24,572,19,382,2355,22,1827,67,19
485,EICHERMOT,Mar 2021,8720,6937,1783,20,482,16,451,2203,25,1347,49,34
486,EICHERMOT,Mar 2022,10298,8120,2178,21,496,19,452,2203,24,1677,61,34
487,EICHERMOT,Mar 2023,14442,10996,3446,24,908,28,526,3800,23,2914,107,35
488,EICHERMOT,Mar 2024,16536,12206,4329,26,1521,51,598,5202,23,4001,146,35
489,EICHERMOT,TTM,17091,12619,4472,26,1729,53,661,5486,,4268,156,
490,GAIL,Mar 2013,50974,43547,7427,15,887,437,1319,6558,34,4367,6,28
491,GAIL,Mar 2014,61765,53777,7988,13,1247,669,1644,6922,32,4786,7,28
492,GAIL,Mar 2015,60557,54926,5631,9,945,652,1433,4492,32,3160,5,24
493,GAIL,Mar 2016,52053,47517,4536,9,731,822,1496,2949,37,1874,3,37
494,GAIL,Mar 2017,48552,42531,6021,12,1212,509,1541,5183,35,3374,5,56
495,GAIL,Mar 2018,54496,46695,7802,14,948,295,1527,6928,31,4805,7,43
496,GAIL,Mar 2019,76190,66252,9938,13,1719,159,1667,9831,33,6553,10,25
497,GAIL,Mar 2020,72518,63495,9022,12,3796,309,2080,10429,9,9515,14,31
498,GAIL,Mar 2021,57372,50127,7245,13,2833,179,2174,7725,20,6143,9,36
499,GAIL,Mar 2022,92770,77608,15161,16,2925,202,2420,15464,20,12304,18,36
500,GAIL,Mar 2023,145668,138168,7500,5,2822,365,2702,7256,23,5596,9,59
501,GAIL,Mar 2024,133228,118914,14314,11,2672,719,3672,12595,21,9903,15,37
502,GAIL,TTM,136081,119297,16784,12,2893,733,4187,14758,,11541,18,
503,GODREJCP,Mar 2013,6412,5417,995,16,194,87,77,1025,17,845,8,22
504,GODREJCP,Mar 2014,7599,6430,1169,15,62,120,82,1030,20,819,7,24
505,GODREJCP,Mar 2015,8273,6894,1379,17,73,112,91,1249,22,976,9,21
506,GODREJCP,Mar 2016,8424,6766,1657,20,-262,128,101,1167,29,831,8,24
507,GODREJCP,Mar 2017,9268,7361,1907,21,76,154,142,1687,22,1308,13,39
508,GODREJCP,Mar 2018,9847,7763,2084,21,283,173,156,2039,20,1634,16,42
509,GODREJCP,Mar 2019,10314,8183,2132,21,362,238,170,2085,-12,2342,23,44
510,GODREJCP,Mar 2020,9911,7757,2154,22,32,228,197,1760,15,1497,15,55
511,GODREJCP,Mar 2021,11029,8629,2399,22,23,138,204,2080,17,1721,17,0
512,GODREJCP,Mar 2022,12276,9867,2409,20,78,122,210,2155,17,1783,17,0
513,GODREJCP,Mar 2023,13316,10873,2443,18,114,188,236,2133,20,1702,17,0
514,GODREJCP,Mar 2024,14096,11139,2957,21,-2209,310,241,198,99,-561,-5,
515,GODREJCP,TTM,14152,11156,2996,21,-2097,339,211,348,,-453,-4,
516,GRASIM,Mar 2013,27909,21986,5924,21,824,324,1252,5171,28,3778,57,8
517,GRASIM,Mar 2014,28331,23416,4915,17,576,447,1457,3586,20,2954,44,9
518,GRASIM,Mar 2015,31734,26590,5144,16,530,667,1563,3443,30,2582,37,9
519,GRASIM,Mar 2016,34487,28576,5911,17,1320,718,1834,4679,26,3455,51,9
520,GRASIM,Mar 2017,36068,28682,7387,20,1076,702,1808,5952,29,4246,66,8
521,GRASIM,Mar 2018,55894,44281,11612,21,410,3663,2724,5635,35,3688,39,15
522,GRASIM,Mar 2019,77200,60560,16640,22,-1846,6060,3571,5163,47,2745,25,27
523,GRASIM,Mar 2020,68252,57880,10373,15,7076,6890,4004,6554,-1,6639,65,6
524,GRASIM,Mar 2021,76404,57769,18635,24,1130,5723,4033,10009,30,6987,63,14
525,GRASIM,Mar 2022,95701,75270,20431,21,1648,4776,4161,13143,15,11206,111,9
526,GRASIM,Mar 2023,117627,96038,21589,18,3733,6044,4552,14727,25,11078,100,10
527,GRASIM,Mar 2024,130978,103783,27195,21,783,9277,5001,13700,28,9926,85,12
528,GRASIM,TTM,137116,109610,27506,20,971,10696,5437,12344,,8693,67,
529,HAL,Mar 2013,14328,13560,768,5,3335,5,601,3497,14,2997,124,28
530,HAL,Mar 2014,15135,13565,1570,10,2618,8,603,3578,25,2693,28,33
531,HAL,Mar 2015,15730,13379,2351,15,1642,15,806,3173,25,2388,25,20
532,HAL,Mar 2016,16758,14281,2478,15,1598,6,863,3207,38,1998,28,31
533,HAL,Mar 2017,17950,14714,3236,18,1044,16,681,3583,27,2616,36,31
534,HAL,Mar 2018,18519,15059,3460,19,761,35,947,3240,39,1987,30,54
535,HAL,Mar 2019,20008,15440,4569,23,376,177,1024,3742,37,2346,35,28
536,HAL,Mar 2020,21445,16565,4880,23,415,359,998,3938,28,2842,42,39
537,HAL,Mar 2021,22882,17541,5341,23,360,267,1157,4277,24,3239,48,31
538,HAL,Mar 2022,24620,19200,5420,22,986,65,1110,5231,3,5086,76,26
539,HAL,Mar 2023,26928,20258,6669,25,1672,64,1784,6493,10,5811,87,32
540,HAL,Mar 2024,30381,20631,9749,32,1899,43,1406,10199,26,7595,114,31
541,HAL,TTM,31154,21199,9954,32,2304,32,1182,11045,,8472,127,
542,HAVELLS,Mar 2013,7135,6461,674,9,222,123,110,664,12,581,9,16
543,HAVELLS,Mar 2014,8051,7274,777,10,35,102,116,594,25,446,7,42
544,HAVELLS,Mar 2015,8468,7713,755,9,48,96,139,569,32,385,6,49
545,HAVELLS,Mar 2016,7594,6798,796,10,949,91,134,1520,14,1300,21,29
546,HAVELLS,Mar 2017,6130,5315,815,13,42,13,121,723,32,494,8,44
547,HAVELLS,Mar 2018,8116,7083,1033,13,97,25,140,965,31,661,11,4
548,HAVELLS,Mar 2019,10073,8885,1189,12,124,16,149,1147,31,788,13,36
549,HAVELLS,Mar 2020,9440,8374,1067,11,107,51,218,904,19,735,12,34
550,HAVELLS,Mar 2021,10457,8868,1589,15,187,90,249,1438,27,1044,17,39
551,HAVELLS,Mar 2022,13938,12163,1775,13,159,67,261,1607,26,1196,19,39
552,HAVELLS,Mar 2023,16911,15290,1621,10,178,55,296,1447,26,1072,17,44
553,HAVELLS,Mar 2024,18590,16709,1881,10,249,84,338,1707,26,1271,20,44
554,HAVELLS,TTM,20677,18668,2008,10,310,46,384,1889,,1400,22,
555,HCLTECH,Jun 2013,25581,19901,5680,22,332,106,637,5270,23,4040,14,21
556,HCLTECH,Jun 2014,32144,24108,8035,25,677,114,681,7917,18,6528,23,11
557,HCLTECH,Jun 2015,36701,28215,8486,23,1126,91,404,9117,20,7342,26,58
558,HCLTECH,Mar 2016 9m,31136,24482,6654,21,871,74,410,7041,20,5602,20,40
559,HCLTECH,Mar 2017,47568,37178,10390,22,1069,89,828,10542,18,8606,30,40
560,HCLTECH,Mar 2018,50569,39323,11246,22,1230,69,1383,11024,21,8722,31,19
561,HCLTECH,Mar 2019,60427,46501,13926,23,943,174,2073,12622,20,10120,37,11
562,HCLTECH,Mar 2020,70676,53360,17316,24,589,505,3420,13980,21,11057,41,25
563,HCLTECH,Mar 2021,75379,55331,20048,27,927,511,4611,15853,30,11169,41,24
564,HCLTECH,Mar 2022,85651,65122,20529,24,1067,319,4326,16951,20,13523,50,84
565,HCLTECH,Mar 2023,101456,78828,22628,22,1358,353,4145,19488,24,14845,55,88
566,HCLTECH,Mar 2024,109913,85715,24198,22,1495,553,4173,20967,25,15710,58,90
567,HCLTECH,TTM,115308,90169,25139,22,2452,659,4137,22795,,17085,63,
568,HDFCBANK,Mar 2013,35861,19695,12631,3534,10,7133,663,10004,31,6903,14,19
569,HDFCBANK,Mar 2014,42555,23445,13508,5602,13,8298,689,13211,34,8768,18,19
570,HDFCBANK,Mar 2015,50666,27288,16164,7214,14,9546,680,16079,33,10703,21,19
571,HDFCBANK,Mar 2016,63162,34070,20055,9037,14,11212,738,19511,34,12821,25,19
572,HDFCBANK,Mar 2017,73271,38042,23856,11374,16,12905,886,23393,35,15317,30,18
573,HDFCBANK,Mar 2018,85288,42381,29532,13374,16,16057,967,28464,35,18561,36,18
574,HDFCBANK,Mar 2019,105161,53713,34856,16592,16,18947,1221,34318,35,22446,41,18
575,HDFCBANK,Mar 2020,122189,62137,45459,14593,12,24879,1277,38195,29,27296,50,5
576,HDFCBANK,Mar 2021,128552,59248,52457,16848,13,27333,1385,42796,26,31857,58,11
577,HDFCBANK,Mar 2022,135936,58584,56557,20795,15,31759,1681,50873,25,38151,69,23
578,HDFCBANK,Mar 2023,170754,77780,63042,29932,18,33912,2345,61498,25,46149,82,23
579,HDFCBANK,Mar 2024,283649,154139,174196,-44685,-16,124346,3092,76569,15,65446,84,23
580,HDFCBANK,TTM,329022,180600,206009,-57587,-18,146017,0,88430,,72168,91,
581,HDFCLIFE,Mar 2013,14060,15,13535,525,4,28,35,502,11,447,2,0
582,HDFCLIFE,Mar 2014,17166,11,16561,605,4,241,41,794,9,725,4,14
583,HDFCLIFE,Mar 2015,27215,-14,26341,874,3,79,43,924,15,786,4,18
584,HDFCLIFE,Mar 2016,18141,8,17187,953,5,108,45,1008,19,817,4,22
585,HDFCLIFE,Mar 2017,30647,9,29674,972,3,139,41,1061,16,887,4,25
586,HDFCLIFE,Mar 2018,32260,11,31186,1074,3,282,44,1300,15,1107,6,25
587,HDFCLIFE,Mar 2019,38855,14,37640,1215,3,136,45,1291,1,1278,6,26
588,HDFCLIFE,Mar 2020,29380,0,28239,1141,4,369,47,1463,11,1297,6,0
589,HDFCLIFE,Mar 2021,71528,0,70294,1235,2,445,51,1629,16,1361,7,30
590,HDFCLIFE,Mar 2022,67126,0,66348,778,1,766,56,1487,11,1327,6,27
591,HDFCLIFE,Mar 2023,70207,0,70127,80,0,1437,76,1441,5,1368,6,30
592,HDFCLIFE,Mar 2024,101482,0,100951,531,1,525,79,977,-61,1574,7,27
593,HDFCLIFE,TTM,100772,0,100048,725,1,514,0,1239,,1747,8,
594,HEROMOTOCO,Mar 2014,25275,12,21722,3553,14,430,1107,2864,26,2102,105,62
595,HEROMOTOCO,Mar 2015,27538,12,24018,3520,13,325,540,3292,29,2364,118,51
596,HEROMOTOCO,Mar 2016,28457,15,24033,4424,16,421,443,4387,29,3112,157,46
597,HEROMOTOCO,Mar 2017,28610,27,24025,4585,16,830,502,4885,27,3546,179,47
598,HEROMOTOCO,Mar 2018,32458,31,27124,5334,16,564,575,5292,30,3722,186,51
599,HEROMOTOCO,Mar 2019,33971,37,28946,5025,15,741,624,5104,32,3466,172,50
600,HEROMOTOCO,Mar 2020,29254,47,25184,4070,14,1434,846,4611,21,3659,182,49
601,HEROMOTOCO,Mar 2021,30959,46,26902,4058,13,553,715,3849,24,2936,146,72
602,HEROMOTOCO,Mar 2022,29551,53,26295,3256,11,545,690,3058,24,2329,116,82
603,HEROMOTOCO,Mar 2023,34158,105,30060,4099,12,567,697,3864,28,2800,141,71
604,HEROMOTOCO,Mar 2024,37789,76,32554,5235,14,689,757,5090,26,3742,187,75
605,HEROMOTOCO,TTM,40098,68,34537,5561,14,929,802,5620,,4133,207,
606,HINDALCO,Mar 2013,80193,2079,72494,7699,10,1111,2822,3909,23,3007,16,6
607,HINDALCO,Mar 2014,87695,2702,79671,8024,9,677,3347,2653,20,2195,11,9
608,HINDALCO,Mar 2015,104281,4178,95437,8844,8,-832,3493,340,75,259,4,24
609,HINDALCO,Mar 2016,98759,5134,90981,7778,8,1500,4347,-203,99,-702,-1,-82
610,HINDALCO,Mar 2017,100184,5742,87867,12317,12,1198,4457,3315,43,1882,8,13
611,HINDALCO,Mar 2018,115183,3911,101488,13695,12,2879,4506,8157,25,6083,27,4
612,HINDALCO,Mar 2019,130542,3778,115031,15511,12,1127,4777,8083,32,5495,24,5
613,HINDALCO,Mar 2020,118144,4197,103838,14306,12,906,5091,5924,36,3767,17,6
614,HINDALCO,Mar 2021,132008,3738,114449,17559,13,-987,6628,6206,44,3483,16,19
615,HINDALCO,Mar 2022,195059,3768,166712,28347,15,1253,6729,19103,28,13730,61,6
616,HINDALCO,Mar 2023,223202,3646,200536,22666,10,1307,7086,13241,24,10097,45,7
617,HINDALCO,Mar 2024,215962,3858,192090,23872,11,1519,7521,14012,28,10155,45,8
618,HINDALCO,TTM,224018,3560,196087,27931,12,1300,7716,17955,,12488,56,
619,HINDUNILVR,Mar 2013,27004,26,22784,4220,16,1123,251,5066,24,3839,18,104
620,HINDUNILVR,Mar 2014,29234,41,24475,4759,16,792,296,5215,24,3956,18,71
621,HINDUNILVR,Mar 2015,31972,18,26560,5412,17,1247,322,6320,31,4376,20,74
622,HINDUNILVR,Mar 2016,32186,17,26276,5910,18,486,353,6026,31,4151,19,83
623,HINDUNILVR,Mar 2017,33162,35,26834,6328,19,606,432,6467,31,4490,21,82
624,HINDUNILVR,Mar 2018,35545,26,28046,7499,21,353,520,7306,28,5227,24,83
625,HINDUNILVR,Mar 2019,39310,33,30430,8880,23,322,565,8604,30,6060,28,78
626,HINDUNILVR,Mar 2020,39783,118,29922,9861,25,424,1002,9165,26,6756,31,80
627,HINDUNILVR,Mar 2021,47028,117,35402,11626,25,170,1074,10605,25,7999,34,119
628,HINDUNILVR,Mar 2022,52446,106,39589,12857,25,219,1091,11879,25,8892,38,90
629,HINDUNILVR,Mar 2023,60580,114,46433,14147,23,448,1137,13344,24,10143,43,91
630,HINDUNILVR,Mar 2024,61896,334,47237,14659,24,817,1216,13926,26,10282,44,96
631,HINDUNILVR,TTM,62661,420,47902,14759,24,1461,1328,14472,,10757,46,
632,ICICIBANK,Mar 2013,44885,28285,31684,-15085,-34,29320,625,13610,26,10130,15,24
633,ICICIBANK,Mar 2014,49479,29711,32852,-13084,-26,30085,719,16282,28,11677,17,24
634,ICICIBANK,Mar 2015,54964,32318,38766,-16120,-29,35252,798,18334,29,12942,19,24
635,ICICIBANK,Mar 2016,59294,33996,52252,-26955,-45,42102,843,14304,24,10927,16,29
636,ICICIBANK,Mar 2017,60940,34836,63841,-37737,-62,52458,912,13809,18,11340,16,14
637,ICICIBANK,Mar 2018,62162,34262,72806,-44906,-72,56807,922,10978,17,9100,12,12
638,ICICIBANK,Mar 2019,71982,39178,83775,-50971,-71,59325,946,7408,23,5689,7,15
639,ICICIBANK,Mar 2020,84836,44666,85361,-45190,-53,64950,1171,18589,40,11225,15,0
640,ICICIBANK,Mar 2021,89163,42659,91309,-44805,-50,72174,1340,26028,22,20364,27,8
641,ICICIBANK,Mar 2022,95407,41167,80798,-26558,-28,62129,1330,34241,25,26538,36,14
642,ICICIBANK,Mar 2023,121067,50543,87864,-17341,-14,65112,1515,46256,26,35461,49,16
643,ICICIBANK,Mar 2024,159516,74108,99560,-14152,-9,76522,1935,60434,26,46081,63,16
644,ICICIBANK,TTM,180551,86404,125722,-31575,-17,101817,0,70242,,52416,70,
645,ICICIGI,Mar 2013,4012,8,4191,-178,-4,586,49,351,0,353,8,0
646,ICICIGI,Mar 2014,4352,9,4578,-225,-5,817,50,533,3,520,12,0
647,ICICIGI,Mar 2015,4234,12,4456,-221,-5,992,54,705,17,585,13,15
648,ICICIGI,Mar 2016,6033,0,5269,764,13,0,57,708,28,507,11,26
649,ICICIGI,Mar 2017,7520,0,6601,919,12,-2,7,910,23,702,16,22
650,ICICIGI,Mar 2018,6912,59,7174,-262,-4,1569,51,1196,28,862,19,17
651,ICICIGI,Mar 2019,11163,70,9494,1669,15,-2,0,1598,34,1049,23,26
652,ICICIGI,Mar 2020,11517,0,9745,1772,15,15,90,1697,30,1194,26,13
653,ICICIGI,Mar 2021,12161,0,10090,2072,17,12,130,1954,25,1473,32,25
654,ICICIGI,Mar 2022,16026,0,15010,1016,6,809,141,1684,24,1271,26,35
655,ICICIGI,Mar 2023,17876,0,16612,1264,7,991,142,2113,18,1729,35,31
656,ICICIGI,Mar 2024,20487,0,17910,2577,13,112,134,2555,25,1919,39,28
657,ICICIGI,TTM,23301,0,19938,3363,14,-12,0,3351,,2518,51,
658,ICICIPRULI,Mar 2013,20025,14,19280,745,4,900,41,1591,5,1515,11,32
659,ICICIPRULI,Mar 2014,21888,15,20384,1504,7,129,47,1572,1,1561,11,70
660,ICICIPRULI,Mar 2015,34453,17,32798,1655,5,43,40,1642,0,1640,11,51
661,ICICIPRULI,Mar 2016,20849,0,19008,1842,9,0,0,1842,10,1650,12,73
662,ICICIPRULI,Mar 2017,37816,15,36010,1806,5,130,58,1863,10,1682,12,63
663,ICICIPRULI,Mar 2018,38832,20,37062,1771,5,132,44,1839,12,1619,11,59
664,ICICIPRULI,Mar 2019,41463,23,40922,541,1,813,57,1274,11,1139,8,40
665,ICICIPRULI,Mar 2020,21025,0,21344,-319,-2,1578,61,1198,11,1067,7,11
666,ICICIPRULI,Mar 2021,83182,0,83572,-390,0,1669,60,1219,22,956,7,30
667,ICICIPRULI,Mar 2022,63564,0,65728,-2163,-3,3191,67,961,21,759,5,10
668,ICICIPRULI,Mar 2023,50478,0,52235,-1757,-3,2925,84,1085,25,813,6,11
669,ICICIPRULI,Mar 2024,90307,0,92136,-1829,-2,2970,113,1028,17,851,6,10
670,ICICIPRULI,TTM,77572,0,77251,321,0,933,0,1254,,974,7,
697,INDUSINDBK,Mar 2013,6983,4750,1947,286,4,1363,73,1576,33,1061,20,15
698,INDUSINDBK,Mar 2014,8254,5363,2555,335,4,1891,98,2128,34,1408,27,13
699,INDUSINDBK,Mar 2015,9692,6272,3133,288,3,2548,127,2709,34,1794,34,12
700,INDUSINDBK,Mar 2016,11872,7355,4188,329,3,3297,157,3469,34,2286,38,12
701,INDUSINDBK,Mar 2017,14406,8343,5684,379,3,4171,191,4360,34,2868,48,13
702,INDUSINDBK,Mar 2018,17281,9783,6555,942,5,4750,212,5481,34,3606,60,12
703,INDUSINDBK,Mar 2019,22261,13415,9283,-437,-2,5647,229,4981,34,3301,55,14
704,INDUSINDBK,Mar 2020,28783,16724,12611,-553,-2,6951,278,6121,28,4418,64,0
705,INDUSINDBK,Mar 2021,29000,15472,15997,-2469,-9,6559,305,3784,25,2836,37,14
706,INDUSINDBK,Mar 2022,30822,15822,15840,-839,-3,7334,321,6174,25,4611,60,14
707,INDUSINDBK,Mar 2023,36368,18776,15525,2067,6,8166,373,9860,25,7390,95,15
708,INDUSINDBK,Mar 2024,45748,25132,17638,2978,7,9388,425,11942,25,8950,115,14
709,INDUSINDBK,TTM,49004,27577,20104,1323,3,9521,0,10844,,8122,104,
710,INFY,Mar 2013,40352,28814,11538,29,2365,5,1099,12799,26,9429,21,25
711,INFY,Mar 2014,50133,36743,13390,27,2664,9,1317,14728,28,10656,23,34
712,INFY,Mar 2015,53319,38436,14883,28,3430,12,1017,17284,28,12372,27,55
713,INFY,Mar 2016,62441,45362,17079,27,3120,0,1459,18740,28,13489,29,41
714,INFY,Mar 2017,68484,49880,18604,27,3050,0,1703,19951,28,14353,31,41
715,INFY,Mar 2018,70522,51700,18822,27,3311,0,1863,20270,21,16029,37,59
716,INFY,Mar 2019,82675,62505,20170,24,2882,0,2011,21041,27,15410,35,60
717,INFY,Mar 2020,90791,68524,22267,25,2803,170,2893,22007,24,16639,39,45
718,INFY,Mar 2021,100472,72583,27889,28,2201,195,3267,26628,27,19423,45,59
719,INFY,Mar 2022,121641,90150,31491,26,2295,200,3476,30110,26,22146,53,59
720,INFY,Mar 2023,146767,111637,35130,24,2701,284,4225,33322,28,24108,58,73
721,INFY,Mar 2024,153670,117245,36425,24,4711,470,4678,35988,27,26248,63,
722,INFY,TTM,159988,121843,38145,24,5138,424,4675,38184,,27687,67,
723,IOC,Mar 2013,461780,447919,13861,3,3499,7164,5692,4504,19,3627,3,36
724,IOC,Mar 2014,488345,471123,17222,4,5064,5948,6360,9978,30,6967,5,30
725,IOC,Mar 2015,449507,438932,10575,2,5860,4201,5219,7014,31,4872,3,33
726,IOC,Mar 2016,346045,324007,22038,6,5219,3487,5698,18072,31,12413,8,28
727,IOC,Mar 2017,355379,321230,34149,10,4356,3743,6806,27956,27,20385,14,45
728,IOC,Mar 2018,421492,379834,41658,10,4331,3875,7664,34450,34,22626,15,90
729,IOC,Mar 2019,528158,492896,35262,7,4097,4925,8506,25927,33,17274,12,49
730,IOC,Mar 2020,483763,467710,16053,3,-7165,5792,10273,-7177,-74,-1876,-1,-437
731,IOC,Mar 2021,363950,324021,39929,11,4696,2933,10941,30751,29,21762,15,51
732,IOC,Mar 2022,589321,541563,47758,8,4332,5454,12348,34289,25,25727,18,46
733,IOC,Mar 2023,841756,811073,30683,4,5124,7588,13181,15038,22,11704,7,42
734,IOC,Mar 2024,776352,700706,75646,10,5389,7881,15866,57288,25,43161,30,40
735,IOC,TTM,761485,728555,32930,4,7285,9231,16546,14438,,10909,8,
736,IRCTC,Mar 2015,1059,907,152,14,82,0,20,214,39,131,13,20
737,IRCTC,Mar 2016,1367,1176,190,14,139,0,21,309,39,189,19,40
738,IRCTC,Mar 2017,1520,1206,314,21,67,3,22,355,35,229,11,49
739,IRCTC,Mar 2018,1466,1192,274,19,99,3,24,346,36,221,11,21
740,IRCTC,Mar 2019,1870,1487,383,20,126,2,29,479,36,309,4,98
741,IRCTC,Mar 2020,2264,1562,703,31,77,10,40,730,30,513,6,39
742,IRCTC,Mar 2021,777,589,188,24,124,8,46,258,27,187,2,43
743,IRCTC,Mar 2022,1879,1005,874,47,72,11,49,885,26,660,8,42
744,IRCTC,Mar 2023,3541,2265,1276,36,148,16,54,1354,26,1006,13,44
745,IRCTC,Mar 2024,4270,2804,1466,34,106,19,57,1496,26,1111,14,47
746,IRCTC,TTM,4455,2950,1505,34,185,16,56,1617,,1200,15,
747,IRFC,Mar 2013,5550,22,5528,100,2,4075,0,1454,64,522,222,21
748,IRFC,Mar 2014,6197,19,6178,100,1,4607,0,1572,55,701,209,6
749,IRFC,Mar 2015,6939,34,6905,100,1,4992,0,1914,60,758,212,20
750,IRFC,Mar 2016,7507,38,7468,99,1,5519,0,1950,56,849,188,40
751,IRFC,Mar 2017,9047,26,9021,100,0,6888,0,2133,56,934,143,40
752,IRFC,Mar 2018,9267,38,9229,100,1,6638,0,2592,21,2055,3,18
753,IRFC,Mar 2019,11134,48,11085,100,0,8183,0,2902,22,2255,2,18
754,IRFC,Mar 2020,13421,66,13355,100,0,10163,0,3192,0,3192,3,0
755,IRFC,Mar 2021,15771,113,15657,99,0,11237,4,4416,0,4416,3,31
756,IRFC,Mar 2022,20299,123,20177,99,2,14075,14,6090,0,6090,5,30
757,IRFC,Mar 2023,23722,134,23588,99,41,17447,14,6167,0,6167,5,32
758,IRFC,Mar 2024,26645,133,26513,100,10,20101,9,6412,0,6412,5,31
759,IRFC,TTM,26902,144,26758,99,8,20223,6,6537,,6537,5,
760,ITC,Mar 2013,31618,20398,11221,35,852,108,859,11106,31,7704,6,55
761,ITC,Mar 2014,35306,22227,13080,37,966,29,965,13052,31,9001,7,54
762,ITC,Mar 2015,38817,24566,14252,37,1229,91,1028,14362,32,9779,8,52
763,ITC,Mar 2016,39192,24661,14531,37,1483,78,1077,14859,36,9501,8,73
764,ITC,Mar 2017,42768,27298,15470,36,1759,49,1153,16026,35,10477,8,56
765,ITC,Mar 2018,43449,26928,16521,38,2240,115,1236,17409,34,11493,9,56
766,ITC,Mar 2019,48340,29802,18537,38,2080,71,1397,19150,33,12836,10,56
767,ITC,Mar 2020,49388,30044,19344,39,2417,81,1645,20035,22,15593,12,82
768,ITC,Mar 2021,49257,32193,17065,35,2577,58,1646,17938,25,13383,11,101
769,ITC,Mar 2022,60645,40021,20623,34,1910,60,1732,20740,25,15503,12,93
770,ITC,Mar 2023,70919,45215,25704,36,2098,78,1809,25915,25,19477,15,100
771,ITC,Mar 2024,70866,44634,26233,37,2804,80,1816,27140,24,20751,16,84
772,ITC,TTM,75135,48495,26640,35,2655,54,1940,27302,,20829,16,
773,JINDALSTEL,Mar 2013,19807,13701,6106,31,333,1067,1539,3833,24,2952,31,5
774,JINDALSTEL,Mar 2014,19286,13487,5799,30,349,1807,1829,2512,25,1896,21,7
775,JINDALSTEL,Mar 2015,19401,13937,5464,28,-1399,2875,2733,-1543,-6,-1452,-14,0
776,JINDALSTEL,Mar 2016,19469,16032,3437,18,-79,3254,4068,-3964,-22,-3087,-32,0
777,JINDALSTEL,Mar 2017,21603,16894,4709,22,-362,3441,3949,-3043,-17,-2538,-25,0
778,JINDALSTEL,Mar 2018,33286,26817,6469,19,-584,3866,3883,-1864,-13,-1616,-15,0
779,JINDALSTEL,Mar 2019,46966,38553,8412,18,-1470,4264,5480,-2802,-14,-2412,-17,0
780,JINDALSTEL,Mar 2020,37923,31092,6831,18,74,3768,3429,-291,37,-400,-1,0
781,JINDALSTEL,Mar 2021,34579,23646,10933,32,313,2753,2414,6078,30,4267,36,0
782,JINDALSTEL,Mar 2022,51166,35650,15515,30,-1840,1888,2097,9690,30,6766,56,5
783,JINDALSTEL,Mar 2023,53212,43270,9942,19,-539,1446,2691,5266,25,3974,31,6
784,JINDALSTEL,Mar 2024,50354,40153,10202,20,156,1294,2822,6241,5,5943,58,3
785,JINDALSTEL,TTM,50019,39693,10327,21,139,1293,3009,6163,,5060,50,
786,JIOFIN,Mar 2023,45,6,39,88,10,0,0,49,37,31,,0
787,JIOFIN,Mar 2024,1855,296,1559,84,429,10,22,1956,18,1605,3,0
788,JIOFIN,TTM,1968,437,1531,78,435,0,22,1944,,1607,3,
789,JSWENERGY,Mar 2013,8870,6069,2801,32,9,963,662,1186,23,901,6,36
790,JSWENERGY,Mar 2014,8648,5394,3255,38,-179,1206,810,1060,27,760,5,43
791,JSWENERGY,Mar 2015,9347,5723,3624,39,196,1137,790,1892,27,1358,8,24
792,JSWENERGY,Mar 2016,9824,5796,4029,41,340,1498,854,2017,28,1460,9,22
793,JSWENERGY,Mar 2017,8263,4939,3324,40,221,1685,969,892,30,623,4,13
794,JSWENERGY,Mar 2018,8049,5336,2713,34,47,1456,966,338,75,85,0,0
795,JSWENERGY,Mar 2019,9138,6283,2855,31,398,1192,1164,897,24,684,4,24
796,JSWENERGY,Mar 2020,8273,5316,2957,36,376,1051,1738,544,6,1081,7,15
797,JSWENERGY,Mar 2021,6922,4009,2913,42,248,896,1167,1099,25,823,5,41
798,JSWENERGY,Mar 2022,8167,4596,3572,44,575,777,1131,2238,22,1743,11,19
799,JSWENERGY,Mar 2023,10332,7050,3282,32,674,844,1169,1943,24,1480,9,22
800,JSWENERGY,Mar 2024,11486,6104,5382,47,472,2053,1633,2167,20,1725,10,19
801,JSWENERGY,TTM,11416,6034,5382,47,648,2083,1594,2352,,1988,11,
802,JSWSTEEL,Mar 2013,38210,31698,6512,17,-307,1967,2237,1999,42,929,4,30
803,JSWSTEEL,Mar 2014,51220,42051,9169,18,-1630,3048,3183,1308,70,402,2,74
804,JSWSTEEL,Mar 2015,52972,43608,9364,18,103,3493,3434,2539,32,1722,7,19
805,JSWSTEEL,Mar 2016,41546,35124,6422,15,-1966,3601,3323,-2468,-80,-481,-1,-67
806,JSWSTEEL,Mar 2017,55604,43296,12308,22,18,3768,3430,5128,33,3467,15,19
807,JSWSTEEL,Mar 2018,71933,57017,14916,21,-177,3701,3387,7651,20,6113,26,16
808,JSWSTEEL,Mar 2019,84757,65827,18930,22,196,3917,4041,11168,33,7524,32,16
809,JSWSTEEL,Mar 2020,73326,61513,11813,16,-289,4265,4246,3013,-30,3919,17,15
810,JSWSTEEL,Mar 2021,79839,59661,20178,25,473,3957,4679,12015,34,7873,33,25
811,JSWSTEEL,Mar 2022,146371,107257,39114,27,1600,4968,6001,29745,30,20938,85,25
812,JSWSTEEL,Mar 2023,165960,147490,18470,11,1561,6902,7474,5655,27,4139,17,25
813,JSWSTEEL,Mar 2024,175006,146849,28157,16,1500,8105,8172,13380,33,8973,36,25
814,JSWSTEEL,TTM,170274,147796,22478,13,267,8380,9006,5359,,3312,14,
815,KOTAKBANK,Mar 2013,10838,6024,6603,-1789,-17,5112,179,3144,30,2238,15,2
816,KOTAKBANK,Mar 2014,11986,6312,7053,-1379,-12,5282,208,3695,32,2527,16,2
817,KOTAKBANK,Mar 2015,13319,6966,9718,-3366,-25,8152,237,4550,33,3105,20,2
818,KOTAKBANK,Mar 2016,20402,11123,11541,-2263,-11,7631,345,5024,32,3524,19,3
819,KOTAKBANK,Mar 2017,22324,11458,14832,-3965,-18,11660,362,7332,32,5019,27,2
820,KOTAKBANK,Mar 2018,25131,12467,16805,-4141,-16,13682,383,9158,33,6258,33,2
821,KOTAKBANK,Mar 2019,29831,15187,19758,-5114,-17,16148,458,10576,33,7204,38,2
822,KOTAKBANK,Mar 2020,33474,15901,22578,-5005,-15,16892,465,11422,25,8593,45,0
823,KOTAKBANK,Mar 2021,32820,12967,29812,-9958,-30,23588,461,13168,25,9990,50,2
824,KOTAKBANK,Mar 2022,33741,11554,30699,-8512,-25,24941,480,15948,25,12089,61,2
825,KOTAKBANK,Mar 2023,42151,14411,33485,-5746,-14,25991,599,19646,25,14925,75,2
826,KOTAKBANK,Mar 2024,56237,22567,47052,-13382,-24,38037,792,23863,25,18213,92,2
827,KOTAKBANK,TTM,64053,27327,50872,-14146,-22,43559,0,29413,,22530,113,
828,LICI,Mar 2019,571508,565587,5920,1,2615,0,336,8199,68,2627,,2
829,LICI,Mar 2020,628043,634989,-6947,-1,20870,0,379,13544,80,2710,,2
830,LICI,Mar 2021,690914,691166,-252,0,12820,0,417,12151,76,2974,7,0
831,LICI,Mar 2022,723606,720280,3326,0,9248,0,436,12138,66,4125,57,23
832,LICI,Mar 2023,784628,750420,34207,4,7800,77,466,41463,13,35997,65,5
833,LICI,Mar 2024,845966,813188,32779,4,14829,128,466,47014,13,40916,66,15
834,LICI,TTM,896106,870255,25851,3,16250,0,0,42102,,41468,,
835,LODHA,Mar 2011,2173,1663,510,23,145,283,17,355,26,264,6,0
836,LODHA,Mar 2012,2954,2229,724,25,124,254,37,556,32,381,9,0
837,LODHA,Mar 2015,6236,4769,1467,24,423,492,128,1269,37,798,18,0
838,LODHA,Mar 2016,8249,6123,2126,26,510,988,450,1198,41,703,16,0
839,LODHA,Mar 2017,7926,6313,1614,20,584,736,460,1001,42,584,13,0
840,LODHA,Mar 2018,9677,7995,1682,17,285,390,395,1182,33,794,10,0
841,LODHA,Mar 2019,11907,8728,3179,27,72,568,194,2489,34,1644,21,0
842,LODHA,Mar 2020,12443,10526,1917,15,119,740,292,1003,26,742,9,0
843,LODHA,Mar 2021,5449,4066,1383,25,-140,1136,73,33,-44,48,1,0
844,LODHA,Mar 2022,9233,7047,2186,24,293,688,75,1716,30,1208,12,20
845,LODHA,Mar 2023,9470,7406,2064,22,-1037,482,93,452,-8,490,5,14
846,LODHA,Mar 2024,10316,7651,2665,26,48,482,204,2028,23,1554,16,
847,LODHA,TTM,13574,9761,3812,28,260,514,311,3248,,2511,25,
848,LT,Mar 2013,74426,63032,11394,15,2523,4642,1637,7638,31,5291,38,22
849,LT,Mar 2014,85054,70968,14086,17,1337,6494,1446,7483,35,4885,35,27
850,LT,Mar 2015,91929,76245,15684,17,1422,7266,2623,7217,31,4966,34,32
851,LT,Mar 2016,101122,85637,15486,15,1219,6899,1787,8020,30,4592,31,40
852,LT,Mar 2017,109312,92691,16620,15,1466,6829,2370,8887,23,6486,43,22
853,LT,Mar 2018,119683,99572,20111,17,1465,7714,2223,11639,27,8004,53,30
854,LT,Mar 2019,135220,112354,22866,17,2701,9339,1923,14305,28,10217,63,28
855,LT,Mar 2020,145452,120899,24553,17,3015,11021,2462,14086,23,10894,68,26
856,LT,Mar 2021,135979,112519,23460,17,8111,11750,2904,16918,24,12921,82,44
857,LT,Mar 2022,156521,132207,24314,16,2364,9235,2948,14495,29,10419,62,36
858,LT,Mar 2023,183341,156175,27166,15,2891,9445,3502,17109,26,12531,75,32
859,LT,Mar 2024,221113,191248,29865,14,3847,9512,3682,20517,24,15547,95,36
860,LT,TTM,238881,208066,30815,13,3995,9420,3964,21425,,16150,98,
861,LTIM,Mar 2013,3851,2981,870,23,22,21,123,749,25,562,174,54
862,LTIM,Mar 2014,4920,3773,1147,23,217,31,130,1204,17,996,309,55
863,LTIM,Mar 2015,4978,3973,1005,20,99,10,158,936,18,769,238,63
864,LTIM,Mar 2016,5846,4819,1028,18,187,6,174,1035,19,836,49,72
865,LTIM,Mar 2017,6501,5271,1230,19,187,3,178,1236,21,971,57,29
866,LTIM,Mar 2018,7306,6119,1187,16,426,16,156,1442,23,1112,65,33
867,LTIM,Mar 2019,9446,7562,1883,20,302,11,147,2028,25,1516,87,32
868,LTIM,Mar 2020,10879,8849,2029,19,329,83,273,2003,24,1520,87,32
869,LTIM,Mar 2021,12370,9645,2725,22,274,79,332,2588,25,1938,111,36
870,LTIM,Mar 2022,26109,20860,5249,20,766,123,597,5294,25,3950,225,41
871,LTIM,Mar 2023,33183,27075,6108,18,557,150,723,5792,24,4410,149,40
872,LTIM,Mar 2024,35517,29130,6387,18,702,222,819,6049,24,4585,155,42
873,LTIM,TTM,37129,30695,6434,17,946,280,968,6133,,4574,154,
874,M&M,Mar 2013,68693,59578,9116,13,841,2297,2080,5580,35,4129,33,19
875,M&M,Mar 2014,74001,63830,10170,14,773,2954,2170,5820,26,5154,38,18
876,M&M,Mar 2015,71448,62655,8793,12,800,3157,2124,4313,40,3381,25,23
877,M&M,Mar 2016,75841,65759,10082,13,1399,3368,2442,5672,37,3554,25,21
878,M&M,Mar 2017,83773,73038,10735,13,2077,3647,2813,6350,36,4051,30,22
879,M&M,Mar 2018,92094,78868,13226,14,4366,3987,3280,10326,23,7958,60,11
880,M&M,Mar 2019,104721,89514,15207,15,2676,5021,3991,8871,32,6017,43,17
881,M&M,Mar 2020,75382,65224,10158,13,885,6021,3367,1655,99,-321,1,205
882,M&M,Mar 2021,74278,62791,11487,15,1152,6102,3378,3158,52,1512,15,54
883,M&M,Mar 2022,90171,75488,14683,16,3204,5018,3508,9362,23,7253,53,20
884,M&M,Mar 2023,121269,100983,20285,17,3961,5830,4357,14060,19,11374,83,18
885,M&M,Mar 2024,139078,114186,24892,18,3298,7488,4724,15978,23,12270,91,21
886,M&M,TTM,145893,118688,27204,19,3365,8259,5007,17303,,13009,95,
887,MARUTI,Mar 2013,44304,39944,4361,10,797,198,1890,3070,20,2470,82,10
888,MARUTI,Mar 2014,44542,39232,5310,12,724,184,2116,3734,24,2854,94,13
889,MARUTI,Mar 2015,50801,43909,6892,14,817,218,2515,4976,24,3809,126,20
890,MARUTI,Mar 2016,57589,48565,9024,16,1464,82,2822,7585,28,5497,182,19
891,MARUTI,Mar 2017,68085,57664,10421,15,2399,89,2604,10127,26,7511,249,30
892,MARUTI,Mar 2018,79809,67692,12118,15,2155,346,2760,11167,29,7881,261,31
893,MARUTI,Mar 2019,86068,75012,11056,13,2664,76,3021,10624,28,7651,253,32
894,MARUTI,Mar 2020,75660,68305,7355,10,3410,134,3528,7103,20,5678,188,32
895,MARUTI,Mar 2021,70372,64961,5411,8,3046,102,3034,5321,18,4389,145,31
896,MARUTI,Mar 2022,88330,82578,5752,7,1861,127,2789,4697,17,3880,128,47
897,MARUTI,Mar 2023,118410,105288,13122,11,2415,252,4846,10438,21,8264,274,34
898,MARUTI,Mar 2024,141858,123232,18626,13,4248,194,5256,17424,23,13488,429,29
899,MARUTI,TTM,145213,125446,19766,14,5002,212,5317,19240,,14021,446,
900,MOTHERSON,Mar 2013,25298,23819,1480,6,318,250,714,834,46,452,1,26
901,MOTHERSON,Mar 2014,30414,28017,2397,8,311,294,817,1596,31,1097,2,29
902,MOTHERSON,Mar 2015,34661,31817,2844,8,212,318,921,1817,29,1292,2,31
903,MOTHERSON,Mar 2016,37216,33668,3548,10,177,345,1087,2293,23,1774,3,26
904,MOTHERSON,Mar 2017,42376,38204,4171,10,346,375,1059,3083,30,2172,3,18
905,MOTHERSON,Mar 2018,56303,51174,5128,9,125,411,1575,3267,31,2260,3,30
906,MOTHERSON,Mar 2019,63523,58174,5348,8,333,423,2058,3200,34,2098,3,29
907,MOTHERSON,Mar 2020,60729,56075,4654,8,642,593,2721,1983,-5,1294,2,40
908,MOTHERSON,Mar 2021,57370,53000,4370,8,568,512,2926,1500,34,1569,2,46
909,MOTHERSON,Mar 2022,63774,59060,4714,7,575,543,2958,1788,31,1182,1,34
910,MOTHERSON,Mar 2023,78788,72537,6251,8,70,781,3136,2405,31,1670,2,29
911,MOTHERSON,Mar 2024,98692,89370,9322,9,140,1811,3810,3840,21,3020,4,20
912,MOTHERSON,TTM,109382,98908,10474,10,955,2061,4272,5095,,4123,6,
913,NAUKRI,Mar 2013,472,351,121,26,24,3,12,130,41,76,8,12
914,NAUKRI,Mar 2014,567,471,97,17,48,3,21,120,49,60,8,30
915,NAUKRI,Mar 2015,732,711,21,3,89,4,47,60,99,-14,2,150
916,NAUKRI,Mar 2016,748,656,91,12,111,3,24,175,33,118,11,27
917,NAUKRI,Mar 2017,888,896,-9,-1,50,4,33,5,99,-43,-2,-230
918,NAUKRI,Mar 2018,988,769,219,22,401,5,30,585,14,501,42,13
919,NAUKRI,Mar 2019,1151,1142,9,1,737,7,22,716,17,592,49,12
920,NAUKRI,Mar 2020,1312,1662,-350,-27,286,14,48,-126,95,-246,-19,-31
921,NAUKRI,Mar 2021,1128,1054,74,7,1584,11,45,1602,12,1418,110,7
922,NAUKRI,Mar 2022,1589,1143,446,28,13810,11,73,14200,9,12882,991,1
923,NAUKRI,Mar 2023,2346,1997,348,15,-116,18,73,141,99,-70,-8,-228
924,NAUKRI,Mar 2024,2536,1825,711,28,303,35,101,878,32,595,44,49
925,NAUKRI,TTM,2662,1911,751,28,560,22,104,1185,,551,36,
926,NESTLEIND,Dec 2013,9101,7153,1948,21,97,37,330,1678,33,1117,12,42
927,NESTLEIND,Dec 2014,9855,7816,2039,21,87,14,338,1774,33,1185,12,51
928,NESTLEIND,Dec 2015,8175,6620,1555,19,-391,3,347,814,31,563,6,83
929,NESTLEIND,Dec 2016,9141,7292,1850,20,140,91,354,1545,35,1001,10,61
930,NESTLEIND,Dec 2017,10010,7913,2097,21,177,92,342,1839,33,1225,13,68
931,NESTLEIND,Dec 2018,11292,8675,2618,23,259,112,336,2429,34,1607,17,69
932,NESTLEIND,Dec 2019,12369,9443,2926,24,247,129,370,2673,26,1968,20,168
933,NESTLEIND,Dec 2020,13350,10149,3202,24,146,164,370,2813,26,2082,22,93
934,NESTLEIND,Dec 2021,14741,11178,3562,24,-112,202,391,2857,26,2118,22,91
935,NESTLEIND,Dec 2022,16897,13191,3706,22,107,155,403,3256,27,2391,25,89
936,NESTLEIND,Dec 2023,19126,14655,4471,23,116,119,429,4038,26,2999,31,56
937,NESTLEIND,Mar 2024,24394,18581,5813,24,159,145,538,5289,26,3933,41,79
938,NESTLEIND,TTM,19786,15060,4726,24,297,113,452,4458,26,3323,34,
939,NHPC,Mar 2013,6381,2229,4152,65,1595,611,1241,3895,26,2873,2,28
940,NHPC,Mar 2014,7389,3047,4342,59,889,1203,1499,2529,35,1633,1,27
941,NHPC,Mar 2015,8221,3087,5134,62,1597,1296,1715,3718,25,2798,2,27
942,NHPC,Mar 2016,8354,3571,4783,57,1174,1160,1432,3365,30,2365,2,81
943,NHPC,Mar 2017,8623,3739,4884,57,2245,1133,1462,4535,23,3480,3,61
944,NHPC,Mar 2018,7755,3508,4248,55,1185,924,1469,3040,8,2785,2,57
945,NHPC,Mar 2019,8983,4002,4981,55,1733,896,1658,4159,32,2836,3,56
946,NHPC,Mar 2020,10008,4562,5446,54,311,877,1614,3266,-2,3345,3,52
947,NHPC,Mar 2021,9648,4371,5277,55,1087,577,1292,4495,20,3600,3,49
948,NHPC,Mar 2022,9144,5131,4013,44,981,586,1190,3217,-17,3774,4,52
949,NHPC,Mar 2023,10607,4423,6184,58,743,475,1215,5237,19,4261,4,48
950,NHPC,Mar 2024,9632,4825,4807,50,2029,608,1184,5043,20,4028,4,53
951,NHPC,TTM,9690,4675,5015,52,2094,718,1177,5213,20,3417,3,
952,NTPC,Mar 2013,71518,53370,18149,25,4777,2491,3823,16611,24,12586,13,38
953,NTPC,Mar 2014,78330,58603,19727,25,2792,3263,4770,14486,21,11403,12,42
954,NTPC,Mar 2015,79957,62605,17352,22,2338,3669,5565,10456,4,9992,10,21
955,NTPC,Mar 2016,73396,54829,18568,25,1188,3366,5771,10618,-2,10781,11,26
956,NTPC,Mar 2017,82042,60445,21598,26,1592,3753,6010,13426,20,10714,11,37
957,NTPC,Mar 2018,88083,65598,22485,26,5576,4447,7460,16154,35,10502,11,40
958,NTPC,Mar 2019,100287,77576,22710,23,2818,5605,8669,11255,-25,14034,14,44
959,NTPC,Mar 2020,109464,77878,31586,29,8209,8189,10356,21250,44,11902,12,27
960,NTPC,Mar 2021,111531,77487,34044,31,5021,9224,12450,17390,14,14969,15,41
961,NTPC,Mar 2022,132669,92307,40362,30,4809,9376,13788,22007,23,16960,17,41
962,NTPC,Mar 2023,176207,128611,47596,27,2561,11447,14792,23917,28,17121,17,42
963,NTPC,Mar 2024,178501,127045,51456,29,5190,12301,16204,28142,24,21332,21,36
964,NTPC,TTM,185892,133499,52392,28,6831,12475,17009,29739,24,22546,23,
965,ONGC,Mar 2013,161984,118482,43501,27,5488,484,11763,36742,35,23994,19,34
966,ONGC,Mar 2014,174121,124991,49130,28,7170,624,16262,39413,32,26665,21,31
967,ONGC,Mar 2015,160923,118610,42312,26,5955,2864,18033,27370,35,17703,14,44
968,ONGC,Mar 2016,124036,84901,39135,32,1067,3766,16384,20052,35,13102,10,56
969,ONGC,Mar 2017,282506,229702,52804,19,12724,3591,20119,41718,30,29169,19,40
970,ONGC,Mar 2018,322706,265817,56889,18,10429,4999,23112,39208,34,26068,17,38
971,ONGC,Mar 2019,421624,346805,74819,18,9567,5837,23704,54846,38,33938,24,29
972,ONGC,Mar 2020,396728,344623,52105,13,982,7489,26635,18962,40,11456,9,58
973,ONGC,Mar 2021,303849,254375,49473,16,11271,5079,25538,30126,29,21360,13,28
974,ONGC,Mar 2022,491246,411373,79874,16,6797,5696,26883,54091,9,49294,36,29
975,ONGC,Mar 2023,632291,556764,75527,12,-30,7889,24557,43051,24,32778,28,40
976,ONGC,Mar 2024,591396,488561,102835,17,12982,10194,28763,76860,26,57101,39,31
977,ONGC,TTM,658694,572824,85870,13,14458,12592,31646,56090,26,42320,33,
978,PFC,Mar 2013,17314,331,5987,35,12,10995,6,5994,26,4438,13,21
979,PFC,Mar 2014,21407,748,7607,36,23,13053,5,7624,28,5462,17,22
980,PFC,Mar 2015,24988,1103,8429,34,25,15456,8,8446,29,6004,18,20
981,PFC,Mar 2016,27861,2042,9162,33,25,16657,20,9167,33,6184,19,30
982,PFC,Mar 2017,27581,5538,5275,19,30,16768,41,5264,58,2236,7,59
983,PFC,Mar 2018,48624,6583,11752,24,42,30289,15,11779,25,8797,20,31
984,PFC,Mar 2019,54106,1696,17783,33,94,34627,15,17862,29,12640,30,0
985,PFC,Mar 2020,62189,7332,14012,23,105,40845,24,14093,33,9477,22,35
986,PFC,Mar 2021,71656,7102,19871,28,46,44684,25,19891,21,15716,36,22
987,PFC,Mar 2022,76262,8215,23338,31,79,44709,35,23382,20,18768,42,23
988,PFC,Mar 2023,77684,4167,26501,34,47,47017,52,26496,20,21179,48,22
989,PFC,Mar 2024,91508,-27,33573,37,69,57962,53,33588,21,26461,60,23
990,PFC,TTM,98152,882,35764,36,109,61505,54,35820,21,28248,64,
991,PIDILITIND,Mar 2013,3678,3120,558,15,107,16,69,581,27,424,8,31
992,PIDILITIND,Mar 2014,4283,3611,672,16,38,16,81,612,27,450,9,31
993,PIDILITIND,Mar 2015,4844,4073,771,16,40,16,118,678,25,514,10,29
994,PIDILITIND,Mar 2016,5361,4188,1173,22,81,13,100,1141,29,807,16,26
995,PIDILITIND,Mar 2017,5617,4355,1262,22,115,14,115,1248,31,863,17,28
996,PIDILITIND,Mar 2018,6078,4737,1341,22,153,16,120,1359,29,966,19,32
997,PIDILITIND,Mar 2019,7078,5707,1371,19,130,26,133,1342,31,928,18,36
998,PIDILITIND,Mar 2020,7294,5718,1576,22,97,34,170,1470,24,1122,22,32
999,PIDILITIND,Mar 2021,7293,5606,1686,23,74,37,201,1522,26,1126,22,38
1000,PIDILITIND,Mar 2022,9921,8065,1856,19,39,42,240,1614,25,1207,24,42
1001,PIDILITIND,Mar 2023,11799,9813,1986,17,55,48,270,1723,25,1289,25,44
1002,PIDILITIND,Mar 2024,12383,9675,2708,22,63,51,341,2379,27,1747,34,47
1003,PIDILITIND,TTM,12901,9949,2952,23,144,49,374,2673,,1973,38,
1004,PNB,Mar 2013,43071,12456,,,4310,27802,336,6786,27,5020,28,19
1005,PNB,Mar 2014,44958,16112,,,4710,28220,367,4969,29,3674,20,10
1006,PNB,Mar 2015,48710,18760,,,6175,31343,384,4397,24,3525,18,18
1007,PNB,Mar 2016,50804,27453,,,6100,34331,413,-5293,-31,-3510,-19,-2
1008,PNB,Mar 2017,48058,22533,,,9168,32722,430,1540,41,1239,6,0
1009,PNB,Mar 2018,48725,43345,,,8883,33530,581,-19849,-37,-12111,-44,0
1010,PNB,Mar 2019,52147,39645,,,7367,34656,584,-15370,-35,-9550,-21,0
1011,PNB,Mar 2020,54918,25867,,,9388,36997,614,827,56,485,1,0
1012,PNB,Mar 2021,81935,38601,,,12777,50805,982,4325,38,2695,2,0
1013,PNB,Mar 2022,76242,36026,,,12329,46823,896,4826,19,3908,4,18
1014,PNB,Mar 2023,86845,41502,,,12529,51817,905,5151,35,3359,3,21
1015,PNB,Mar 2024,109065,39623,,,14158,68534,906,14160,35,9157,8,18
1016,PNB,TTM,116126,36345,,,15249,73977,0,21054,,14535,13,
1017,POWERGRID,Mar 2013,13081,2244,10837,83,966,2599,3428,5776,25,4313,5,31
1018,POWERGRID,Mar 2014,15555,2588,12967,83,725,3254,4079,6359,28,4548,5,30
1019,POWERGRID,Mar 2015,17540,2613,14927,85,731,4081,5173,6404,21,5046,5,21
1020,POWERGRID,Mar 2016,20652,2468,18184,88,656,5086,6182,7572,21,5959,6,20
1021,POWERGRID,Mar 2017,25697,3247,22450,87,933,6204,7722,9457,21,7451,8,31
1022,POWERGRID,Mar 2018,29954,3993,25961,87,4065,7324,9231,13471,39,8204,9,33
1023,POWERGRID,Mar 2019,35059,8140,26920,77,1505,8737,10541,9147,-10,10034,11,43
1024,POWERGRID,Mar 2020,37744,4858,32886,87,2820,9509,11607,14590,24,11059,12,47
1025,POWERGRID,Mar 2021,39640,4734,34906,88,769,8135,12039,15501,22,12036,13,52
1026,POWERGRID,Mar 2022,41622,5796,35826,86,4692,8036,12872,19610,14,16824,18,61
1027,POWERGRID,Mar 2023,45603,6028,39576,87,1093,9634,13333,17702,13,15420,17,67
1028,POWERGRID,Mar 2024,45843,6017,39826,87,556,8773,13095,18514,16,15573,17,67
1029,POWERGRID,TTM,45812,6577,39235,86,1886,8854,13045,19221,,15712,17,
1030,RECLTD,Mar 2013,13634,365,13270,97,4,8083,4,5186,26,3833,15,21
1031,RECLTD,Mar 2014,17223,572,16650,97,6,10035,5,6617,28,4741,18,20
1032,RECLTD,Mar 2015,20544,1149,19395,94,6,11840,8,7552,29,5344,20,20
1033,RECLTD,Mar 2016,24125,1680,22445,93,4,14282,20,8147,30,5691,22,30
1034,RECLTD,Mar 2017,24338,1888,22450,92,24,13462,40,8972,30,6313,24,30
1035,RECLTD,Mar 2018,22658,3379,19279,85,18,13333,7,5958,25,4451,17,41
1036,RECLTD,Mar 2019,25408,1702,23705,93,33,15639,8,8090,29,5741,22,38
1037,RECLTD,Mar 2020,29942,3981,25961,87,72,18991,12,7030,29,4972,19,44
1038,RECLTD,Mar 2021,35557,3292,32265,91,15,21489,11,10780,22,8378,32,30
1039,RECLTD,Mar 2022,39276,4838,34438,88,62,22051,18,12431,19,10036,38,30
1040,RECLTD,Mar 2023,39486,1858,37628,95,28,23733,24,13898,20,11167,42,30
1041,RECLTD,Mar 2024,47517,-366,47883,101,48,29948,24,17960,21,14145,54,30
1042,RECLTD,TTM,51490,630,50860,99,87,32075,24,18848,,14885,57,
1043,RELIANCE,Mar 2013,395957,362802,33155,8,7757,3463,11232,26217,20,20886,15,13
1044,RELIANCE,Mar 2014,433521,398586,34935,8,8865,3836,11201,28763,22,22548,16,12
1045,RELIANCE,Mar 2015,374372,336923,37449,10,8528,3316,11547,31114,24,23640,17,12
1046,RELIANCE,Mar 2016,272583,230802,41781,15,12212,3691,11565,38737,23,29861,22,10
1047,RELIANCE,Mar 2017,303954,257647,46307,15,9222,3849,11646,40034,25,29833,22,11
1048,RELIANCE,Mar 2018,390823,326508,64315,16,9869,8052,16706,49426,27,36080,27,10
1049,RELIANCE,Mar 2019,568337,484087,84250,15,8406,16495,20934,55227,28,39837,29,10
1050,RELIANCE,Mar 2020,596679,507413,89266,15,8570,22027,22203,53606,26,39880,29,10
1051,RELIANCE,Mar 2021,466307,385517,80790,17,22432,21189,26572,55461,3,53739,39,9
1052,RELIANCE,Mar 2022,694673,586092,108581,16,19600,14584,29782,83815,19,67845,45,9
1053,RELIANCE,Mar 2023,876396,734078,142318,16,12020,19571,40303,94464,22,74088,49,9
1054,RELIANCE,Mar 2024,899041,736543,162498,18,16179,23118,50832,104727,25,79020,51,10
1055,RELIANCE,TTM,939838,775710,164128,17,17607,23875,53226,104634,,79941,51,
1056,SBILIFE,Mar 2013,14870,14443,427,3,292,4,25,690,9,630,6,8
1057,SBILIFE,Mar 2014,17258,16747,511,3,344,5,35,816,11,728,7,14
1058,SBILIFE,Mar 2015,23399,22505,794,3,183,4,34,939,13,815,8,15
1059,SBILIFE,Mar 2016,19324,18404,920,5,129,5,37,1007,16,844,8,14
1060,SBILIFE,Mar 2017,30548,29479,1068,4,139,5,48,1154,17,955,10,16
1061,SBILIFE,Mar 2018,34068,32736,1332,4,156,6,59,1422,19,1150,12,17
1062,SBILIFE,Mar 2019,44604,43130,1474,3,266,8,92,1642,19,1327,13,15
1063,SBILIFE,Mar 2020,43798,42447,1351,3,529,0,89,1790,21,1422,14,0
1064,SBILIFE,Mar 2021,81913,81040,872,1,867,0,99,1640,11,1456,15,17
1065,SBILIFE,Mar 2022,82983,82254,730,1,1032,0,75,1687,11,1506,15,13
1066,SBILIFE,Mar 2023,80636,80514,122,0,1862,10,68,1906,10,1721,17,15
1067,SBILIFE,Mar 2024,131988,131742,246,0,1917,9,76,2078,9,1894,19,14
1068,SBILIFE,TTM,130073,129065,1007,1,1636,0,0,2643,,2411,24,
1069,SBIN,Mar 2013,167976,66283,-5124,-3,32584,106818,1577,25882,29,18555,26,16
1070,SBIN,Mar 2014,189062,82198,-14614,-8,37882,121479,1942,21326,32,14807,19,16
1071,SBIN,Mar 2015,207974,96675,-21879,-11,49315,133179,1581,25855,32,17832,23,15
1072,SBIN,Mar 2016,220633,109985,-32399,-15,52828,143047,2252,18177,30,13019,16,17
1073,SBIN,Mar 2017,230447,145666,-64334,-28,68193,149115,2915,945,99,-97,0,859
1074,SBIN,Mar 2018,228970,169065,-86697,-38,77557,146603,3105,-12245,-66,-3749,-5,0
1075,SBIN,Mar 2019,253322,166104,-68649,-27,77365,155867,3496,5220,41,3351,3,0
1076,SBIN,Mar 2020,269852,172909,-64181,-24,98159,161124,3662,30317,40,21140,22,0
1077,SBIN,Mar 2021,278115,192821,-70715,-25,107222,156010,3711,32796,26,23888,25,16
1078,SBIN,Mar 2022,289973,197349,-63570,-22,117000,156194,3691,49739,27,37183,40,18
1079,SBIN,Mar 2023,350845,204303,-43439,-12,122534,189981,3696,75399,25,57750,62,18
1080,SBIN,Mar 2024,439189,239750,-60297,-14,155386,259736,3849,91240,25,69543,75,18
1081,SBIN,TTM,469625,244759,-59190,-13,157189,284056,0,97999,,74461,80,
1082,SHREECEM,Jun 2013,5418,3857,1561,29,187,193,436,1119,10,1004,288,7
1083,SHREECEM,Jun 2014,5715,4325,1390,24,104,129,550,815,3,787,226,10
1084,SHREECEM,Jun 2015,6259,4916,1344,21,102,121,925,401,-6,426,122,20
1085,SHREECEM,Mar 2016 9m,5514,4107,1407,26,673,76,828,1176,3,1143,328,7
1086,SHREECEM,Mar 2017,8594,6081,2513,29,362,129,1215,1531,13,1339,384,36
1087,SHREECEM,Mar 2018,9833,7360,2473,25,389,135,899,1827,24,1384,397,13
1088,SHREECEM,Mar 2019,12555,9758,2797,22,69,248,1472,1146,11,1015,289,21
1089,SHREECEM,Mar 2020,12868,9098,3771,29,263,291,1808,1934,20,1544,426,26
1090,SHREECEM,Mar 2021,13560,9468,4091,30,426,251,1262,3004,24,2337,646,9
1091,SHREECEM,Mar 2022,15010,11300,3710,25,544,263,1146,2892,19,1269,352,14
1092,SHREECEM,Mar 2023,17852,14893,2960,17,459,263,1661,1495,15,2369,664,28
1093,SHREECEM,Mar 2024,20521,16003,4518,22,597,258,1897,2959,19,1733,480,16
1094,SHREECEM,TTM,19802,15576,4226,21,618,229,2566,2049,,1733,480,
1095,SHRIRAMFIN,Mar 2013,7009,1738,2179,31,7,3092,23,2163,32,1463,12,11
1096,SHRIRAMFIN,Mar 2014,8476,2244,1999,24,4,4233,33,1970,31,1358,11,12
1097,SHRIRAMFIN,Mar 2015,9177,2781,1691,18,2,4706,43,1650,38,1028,8,22
1098,SHRIRAMFIN,Mar 2016,10359,3447,1824,18,3,5088,38,1789,34,1184,9,19
1099,SHRIRAMFIN,Mar 2017,10903,3712,1972,18,1,5219,35,1938,35,1266,10,7
1100,SHRIRAMFIN,Mar 2018,13502,3288,3805,28,127,6409,37,3896,35,2549,20,10
1101,SHRIRAMFIN,Mar 2019,15536,4171,3801,24,20,7564,43,3778,32,2576,20,11
1102,SHRIRAMFIN,Mar 2020,16561,4683,3565,22,14,8313,141,3439,27,2512,20,5
1103,SHRIRAMFIN,Mar 2021,17422,4932,3402,20,14,9089,137,3278,24,2499,18,18
1104,SHRIRAMFIN,Mar 2022,19255,5816,3666,19,18,9773,135,3549,24,2721,20,20
1105,SHRIRAMFIN,Mar 2023,30492,8706,8799,29,16,12987,601,8214,27,6020,32,22
1106,SHRIRAMFIN,Mar 2024,36388,10278,10523,29,25,15588,588,9960,26,7399,39,23
1107,SHRIRAMFIN,TTM,39864,11228,11416,29,1800,17220,628,12588,,9454,50,
1108,SIEMENS,Sep 2011,11955,10784,1171,10,299,26,154,1290,33,868,,24
1109,SIEMENS,Sep 2014,10678,10559,119,1,985,31,229,844,28,603,17,35
1110,SIEMENS,Sep 2015,10563,9565,998,9,943,30,224,1688,30,1174,33,30
1111,SIEMENS,Sep 2016,10837,9815,1021,9,3156,11,228,3938,26,2914,82,41
1112,SIEMENS,Sep 2017,11065,10008,1056,10,818,8,198,1669,32,1137,32,22
1113,SIEMENS,Sep 2018,12795,11468,1327,10,280,8,198,1402,36,901,25,28
1114,SIEMENS,Sep 2019,13084,11594,1490,11,398,12,199,1678,34,1099,31,23
1115,SIEMENS,Sep 2020,9946,8944,1003,10,315,30,252,1036,26,769,22,32
1116,SIEMENS,Sep 2021,13198,11746,1452,11,321,24,297,1452,25,1089,31,26
1117,SIEMENS,Sep 2022,16138,14278,1860,12,487,36,317,1993,23,1543,43,23
1118,SIEMENS,Sep 2023,19554,17067,2487,13,496,23,321,2640,26,1962,55,18
1119,SIEMENS,Sep 2024,22240,19136,3104,14,925,60,330,3639,25,2718,76,16
1120,SUNPHARMA,Mar 2013,11131,6346,4784,43,-90,43,336,4315,20,3469,14,9
1121,SUNPHARMA,Mar 2014,16080,9078,7003,44,-1968,44,409,4581,15,3879,15,10
1122,SUNPHARMA,Mar 2015,27392,19498,7894,29,283,579,1195,6403,14,5476,22,14
1123,SUNPHARMA,Mar 2016,28487,20313,8174,29,-42,523,1038,6571,14,5658,19,5
1124,SUNPHARMA,Mar 2017,31578,21476,10102,32,610,400,1265,9048,13,7846,29,12
1125,SUNPHARMA,Mar 2018,26489,20858,5631,21,-135,518,1500,3479,26,2542,9,23
1126,SUNPHARMA,Mar 2019,29066,22689,6377,22,-258,555,1753,3810,16,3208,11,25
1127,SUNPHARMA,Mar 2020,32838,25855,6983,21,382,303,2053,5010,16,4172,16,25
1128,SUNPHARMA,Mar 2021,33498,25028,8470,25,-3449,141,2080,2799,18,2272,12,62
1129,SUNPHARMA,Mar 2022,38654,28397,10258,27,-3505,127,2144,4481,24,3389,14,73
1130,SUNPHARMA,Mar 2023,43886,32235,11650,27,459,172,2529,9408,9,8513,35,33
1131,SUNPHARMA,Mar 2024,48497,35479,13018,28,865,238,2557,11088,13,9610,40,34
1132,SUNPHARMA,TTM,50308,36249,14059,27,1571,239,2554,12837,,11117,46,
1133,TATACONSUM,Mar 2013,7351,6581,770,10,56,84,105,637,26,445,6,36
1134,TATACONSUM,Mar 2014,7738,6986,752,10,170,87,129,707,26,510,7,29
1135,TATACONSUM,Mar 2015,7993,7201,792,10,-77,82,133,500,43,273,4,6
1136,TATACONSUM,Mar 2016,6637,6271,366,6,38,117,117,170,99,-37,0,-999
1137,TATACONSUM,Mar 2017,6780,5988,791,12,88,43,126,662,30,455,6,38
1138,TATACONSUM,Mar 2018,6815,5976,839,12,73,52,116,753,25,556,8,30
1139,TATACONSUM,Mar 2019,7252,6466,786,11,124,78,123,735,36,457,6,39
1140,TATACONSUM,Mar 2020,9637,8345,1292,13,-163,69,242,809,34,460,5,54
1141,TATACONSUM,Mar 2021,11602,10058,1544,13,91,73,255,1311,24,930,9,44
1142,TATACONSUM,Mar 2022,12425,10707,1719,14,88,87,278,1456,26,1015,10,60
1143,TATACONSUM,Mar 2023,13783,11927,1856,13,328,130,304,1794,25,1320,12,65
1144,TATACONSUM,Mar 2024,15206,12922,2284,15,-81,87,377,1696,23,1215,12,64
1145,TATACONSUM,TTM,16297,13802,2496,15,-168,268,499,1560,,1170,12,
1146,TATAMOTORS,Mar 2013,188793,164197,24596,13,213,3560,7601,13647,28,9976,35,6
1147,TATAMOTORS,Mar 2014,232834,197980,34853,15,-157,4749,11078,18869,25,14050,48,5
1148,TATAMOTORS,Mar 2015,263159,223920,39239,15,714,4861,13389,21703,35,14073,48,0
1149,TATAMOTORS,Mar 2016,273046,234650,38395,14,-2670,4889,16711,14126,21,11678,40,1
1150,TATAMOTORS,Mar 2017,269693,240104,29589,11,1869,4238,17905,9315,35,7557,26,0
1151,TATAMOTORS,Mar 2018,291550,260093,31458,11,5933,4682,21554,11155,39,9091,31,0
1152,TATAMOTORS,Mar 2019,301938,277274,24664,8,-26686,5759,23591,-31371,-8,-28724,-100,0
1153,TATAMOTORS,Mar 2020,261068,243081,17987,7,102,7243,21425,-10580,4,-11975,-39,0
1154,TATAMOTORS,Mar 2021,249795,217507,32287,13,-11118,8097,23547,-10474,24,-13395,-41,0
1155,TATAMOTORS,Mar 2022,278454,253734,24720,9,2424,9312,24836,-7003,60,-11309,-34,0
1156,TATAMOTORS,Mar 2023,345967,314151,31816,9,6664,10225,24860,3394,21,2690,7,32
1157,TATAMOTORS,Mar 2024,437928,378389,59538,14,5673,9986,27270,27955,-14,31807,94,7
1158,TATAMOTORS,TTM,440061,379564,60497,14,6617,8841,26580,31693,,33816,99,
1159,TATAPOWER,Mar 2013,33177,27583,5595,17,375,2642,2052,1277,92,123,0,-319
1160,TATAPOWER,Mar 2014,35726,28810,6916,19,229,3440,2730,975,99,12,-1,-114
1161,TATAPOWER,Mar 2015,33593,27292,6301,19,1056,3699,2174,1484,72,457,1,210
1162,TATAPOWER,Mar 2016,29494,27389,2105,7,4060,3236,1649,1281,53,786,2,53
1163,TATAPOWER,Mar 2017,27588,22114,5473,20,1297,3365,1956,1450,24,1100,3,39
1164,TATAPOWER,Mar 2018,26840,24545,2295,9,6586,3761,2346,2773,6,2611,9,15
1165,TATAPOWER,Mar 2019,29881,26811,3070,10,7186,4170,2393,3693,29,2606,9,15
1166,TATAPOWER,Mar 2020,29136,22331,6805,23,2280,4494,2634,1958,33,1316,4,41
1167,TATAPOWER,Mar 2021,32703,25782,6921,21,1775,4010,2745,1941,26,1439,4,44
1168,TATAPOWER,Mar 2022,42816,35785,7031,16,2486,3859,3122,2535,15,2156,5,32
1169,TATAPOWER,Mar 2023,55109,47381,7728,14,5540,4372,3439,5457,30,3810,10,19
1170,TATAPOWER,Mar 2024,61449,50714,10735,17,3416,4633,3786,5732,25,4280,12,17
1171,TATAPOWER,TTM,63489,52432,11057,17,3708,4549,3927,6289,,4403,12,
1172,TATASTEEL,Mar 2013,134712,130746,3965,3,1445,3968,5575,-4133,78,-7272,-6,-11
1173,TATASTEEL,Mar 2014,148614,132430,16184,11,716,4337,5841,6722,45,3665,3,27
1174,TATASTEEL,Mar 2015,139504,136095,3409,2,5994,4848,5944,-1388,99,-3939,-3,-20
1175,TATASTEEL,Mar 2016,101965,102590,-625,-1,10346,4221,5306,193,99,-497,0,-203
1176,TATASTEEL,Mar 2017,112299,99156,13144,12,-3789,5072,5673,-1391,99,-4169,-4,-23
1177,TATASTEEL,Mar 2018,123249,101816,21433,17,10898,5455,5742,21135,16,17743,12,9
1178,TATASTEEL,Mar 2019,157669,128351,29318,19,1524,7660,7342,15841,42,9122,9,15
1179,TATASTEEL,Mar 2020,139817,122354,17463,12,-2884,7533,8441,-1395,-99,1174,1,74
1180,TATASTEEL,Mar 2021,156294,125790,30504,20,180,7607,9234,13844,41,8190,6,40
1181,TATASTEEL,Mar 2022,243959,180469,63490,26,1300,5462,9101,50227,17,41749,33,16
1182,TATASTEEL,Mar 2023,243353,211053,32300,13,1569,6299,9335,18235,56,8075,7,50
1183,TATASTEEL,Mar 2024,229171,206923,22248,10,-6005,7508,9882,-1147,99,-4910,-4,-101
1184,TATASTEEL,TTM,221012,195697,25314,11,371,7394,10269,8022,,2527,2,
1185,TCS,Mar 2013,62989,44950,18040,29,1178,48,1080,18090,22,14076,36,31
1186,TCS,Mar 2014,81809,56657,25153,31,1637,39,1349,25402,24,19332,49,33
1187,TCS,Mar 2015,94648,70167,24482,26,3720,104,1799,26298,24,20060,51,78
1188,TCS,Mar 2016,108646,77969,30677,28,3084,33,1888,31840,24,24338,62,35
1189,TCS,Mar 2017,117966,85655,32311,27,4221,32,1987,34513,24,26357,67,35
1190,TCS,Mar 2018,123104,90588,32516,26,3642,52,2014,34092,24,25880,67,37
1191,TCS,Mar 2019,146463,106957,39506,27,4311,198,2056,41563,24,31562,84,36
1192,TCS,Mar 2020,156949,114840,42109,27,4592,924,3529,42248,23,32447,86,85
1193,TCS,Mar 2021,164177,117631,46546,28,1916,637,4065,43760,26,32562,88,43
1194,TCS,Mar 2022,191754,138697,53057,28,4018,784,4604,51687,26,38449,105,41
1195,TCS,Mar 2023,225458,166199,59259,26,3449,779,5022,56907,26,42303,115,100
1196,TCS,Mar 2024,240893,176597,64296,27,3464,778,4985,61997,26,46099,127,58
1197,TCS,TTM,252082,184491,67591,27,4091,795,5109,65778,,49006,135,
1198,TECHM,Mar 2013,6873,5451,1422,21,-141,103,200,978,24,1307,25,5
1199,TECHM,Mar 2014,18802,14630,4172,22,244,80,522,3815,20,3062,32,15
1200,TECHM,Mar 2015,22621,18428,4193,19,106,69,611,3618,27,2659,27,22
1201,TECHM,Mar 2016,26494,22234,4260,16,453,97,759,3857,22,3027,31,35
1202,TECHM,Mar 2017,29141,24956,4184,14,775,129,978,3853,26,2851,29,28
1203,TECHM,Mar 2018,30773,26063,4710,15,1417,162,1085,4879,22,3786,39,33
1204,TECHM,Mar 2019,34742,28471,6271,18,534,133,1129,5543,23,4289,44,29
1205,TECHM,Mar 2020,36868,31365,5503,15,1192,192,1446,5058,23,3897,42,32
1206,TECHM,Mar 2021,37855,31059,6796,18,788,174,1458,5953,27,4353,46,89
1207,TECHM,Mar 2022,44646,36626,8020,18,1115,163,1520,7452,24,5630,57,47
1208,TECHM,Mar 2023,53290,45527,7763,15,965,326,1957,6446,25,4857,50,91
1209,TECHM,Mar 2024,51996,47489,4506,9,927,392,1817,3224,26,2397,24,150
1210,TECHM,TTM,52476,46253,6223,12,1072,295,1852,5148,,3775,38,
1211,TITAN,Mar 2013,10123,9109,1014,10,99,51,56,1006,28,725,8,26
1212,TITAN,Mar 2014,10927,9880,1047,10,117,87,68,1010,27,735,8,25
1213,TITAN,Mar 2015,11913,10761,1153,10,67,81,90,1049,22,816,9,25
1214,TITAN,Mar 2016,11276,10337,939,8,69,42,98,868,22,675,8,29
1215,TITAN,Mar 2017,13261,12097,1164,9,-42,38,111,973,28,697,8,32
1216,TITAN,Mar 2018,16120,14476,1644,10,70,53,131,1530,28,1102,13,29
1217,TITAN,Mar 2019,19779,17785,1994,10,178,53,163,1957,29,1389,16,32
1218,TITAN,Mar 2020,21052,18589,2463,12,153,166,348,2102,29,1493,17,24
1219,TITAN,Mar 2021,21644,19919,1725,8,180,203,375,1327,27,974,11,37
1220,TITAN,Mar 2022,28799,25455,3344,12,177,218,399,2904,24,2198,24,31
1221,TITAN,Mar 2023,40575,35693,4882,12,306,300,441,4447,26,3274,37,27
1222,TITAN,Mar 2024,51084,45792,5292,10,534,619,584,4623,24,3496,39,28
1223,TITAN,TTM,54458,49219,5239,10,538,840,647,4290,,3243,37,
1224,TORNTPHARM,Mar 2013,3203,2506,697,22,1,34,83,582,25,435,13,45
1225,TORNTPHARM,Mar 2014,4172,3216,955,23,34,59,87,844,21,664,20,25
1226,TORNTPHARM,Mar 2015,4636,3616,1020,22,286,175,191,940,20,751,22,25
1227,TORNTPHARM,Mar 2016,6687,3954,2733,41,32,184,238,2343,26,1733,51,34
1228,TORNTPHARM,Mar 2017,5816,4438,1377,24,223,206,307,1088,14,934,28,25
1229,TORNTPHARM,Mar 2018,5950,4601,1349,23,299,308,409,931,27,678,20,35
1230,TORNTPHARM,Mar 2019,7673,5690,1983,26,-300,504,618,562,22,436,13,66
1231,TORNTPHARM,Mar 2020,7939,5769,2170,27,121,451,654,1187,14,1025,30,53
1232,TORNTPHARM,Mar 2021,8005,5524,2480,31,57,353,658,1526,18,1252,37,47
1233,TORNTPHARM,Mar 2022,8508,6077,2431,29,-288,255,662,1226,37,777,23,105
1234,TORNTPHARM,Mar 2023,9620,6778,2842,30,45,333,707,1847,33,1245,37,60
1235,TORNTPHARM,Mar 2024,10728,7360,3368,31,146,354,808,2352,30,1656,49,57
1236,TORNTPHARM,TTM,11302,7662,3640,32,72,276,797,2639,,1862,55,
1237,TRENT,Mar 2013,2132,2128,5,0,58,29,45,-10,99,-27,-1,-87
1238,TRENT,Mar 2014,2333,2343,-10,0,91,26,54,1,99,-19,-1,-125
1239,TRENT,Mar 2015,2284,2196,88,4,208,22,75,200,35,129,4,26
1240,TRENT,Mar 2016,1686,1596,90,5,86,48,39,90,39,55,2,54
1241,TRENT,Mar 2017,1812,1679,134,7,81,46,41,128,34,85,3,39
1242,TRENT,Mar 2018,2157,1949,208,10,27,44,46,147,41,87,3,44
1243,TRENT,Mar 2019,2630,2390,241,9,30,51,52,165,44,95,3,45
1244,TRENT,Mar 2020,3486,2957,529,15,147,263,247,165,36,106,3,29
1245,TRENT,Mar 2021,2593,2479,114,4,199,261,257,-205,-12,-181,-4,-15
1246,TRENT,Mar 2022,4498,3903,595,13,152,325,311,111,69,35,3,57
1247,TRENT,Mar 2023,8242,7128,1114,14,341,409,494,552,29,394,13,18
1248,TRENT,Mar 2024,12375,10404,1971,16,989,368,671,1921,23,1477,42,8
1249,TRENT,TTM,15025,12672,2354,16,960,196,756,2362,,1809,51,
1250,TVSMOTOR,Mar 2013,7510,7072,438,6,130,103,176,290,32,198,4,30
1251,TVSMOTOR,Mar 2014,8384,7892,492,6,44,80,149,307,39,187,4,37
1252,TVSMOTOR,Mar 2015,10256,9650,605,6,80,62,179,444,28,328,7,28
1253,TVSMOTOR,Mar 2016,11377,10558,819,7,93,70,262,580,26,429,9,28
1254,TVSMOTOR,Mar 2017,12463,11591,871,7,163,60,317,658,23,509,11,23
1255,TVSMOTOR,Mar 2018,16340,14769,1571,10,71,338,374,931,29,665,14,24
1256,TVSMOTOR,Mar 2019,20160,17997,2163,11,25,663,442,1083,33,725,15,24
1257,TVSMOTOR,Mar 2020,18849,16585,2264,12,12,855,556,865,25,647,13,27
1258,TVSMOTOR,Mar 2021,19421,17189,2232,11,36,881,565,822,26,608,13,28
1259,TVSMOTOR,Mar 2022,24355,21601,2755,11,-5,940,743,1067,31,731,16,24
1260,TVSMOTOR,Mar 2023,31974,27947,4027,13,136,1368,859,1936,32,1309,28,18
1261,TVSMOTOR,Mar 2024,39145,33645,5500,14,106,1928,975,2703,34,1779,36,23
1262,TVSMOTOR,TTM,42886,36696,6190,14,95,2064,1038,3182,,2094,42,
1263,ULTRACEMCO,Mar 2013,20514,15674,4839,24,304,252,1023,3867,30,2688,98,9
1264,ULTRACEMCO,Mar 2014,20730,16695,4035,19,322,361,1139,2858,23,2213,80,11
1265,ULTRACEMCO,Mar 2015,23306,18881,4425,19,350,587,1203,2986,30,2102,76,12
1266,ULTRACEMCO,Mar 2016,25153,20252,4901,19,464,566,1377,3421,28,2480,90,11
1267,ULTRACEMCO,Mar 2017,25375,20162,5212,21,648,640,1348,3872,30,2714,99,10
1268,ULTRACEMCO,Mar 2018,30979,24834,6145,20,242,1238,1848,3301,33,2224,81,13
1269,ULTRACEMCO,Mar 2019,41462,34115,7347,18,350,1778,2451,3468,31,2400,88,13
1270,ULTRACEMCO,Mar 2020,42430,33184,9246,22,651,1992,2723,5183,-11,5751,199,7
1271,ULTRACEMCO,Mar 2021,44726,33158,11568,26,619,1486,2700,8001,32,5462,189,20
1272,ULTRACEMCO,Mar 2022,52599,41084,11514,22,669,945,2715,8524,14,7334,254,15
1273,ULTRACEMCO,Mar 2023,63240,52620,10620,17,507,823,2888,7416,32,5073,175,22
1274,ULTRACEMCO,Mar 2024,70908,57940,12969,18,567,968,3145,9422,26,7004,243,29
1275,ULTRACEMCO,TTM,71317,59261,12056,17,739,1216,3478,8101,,6252,216,
1276,UNIONBANK,Mar 2013,25169,7268,325,1,2868,17575,156,3037,30,2146,36,22
1277,UNIONBANK,Mar 2014,29394,8829,-902,-3,3141,21467,198,2040,18,1687,27,15
1278,UNIONBANK,Mar 2015,32164,9498,-973,-3,3957,23640,225,2759,36,1771,28,22
1279,UNIONBANK,Mar 2016,32316,10349,-1928,-6,3934,23894,249,1758,24,1347,20,10
1280,UNIONBANK,Mar 2017,32817,13871,-4830,-15,5430,23771,241,359,-58,573,8,0
1281,UNIONBANK,Mar 2018,32952,21181,-11700,-36,5462,23471,368,-6607,-21,-5212,-45,0
1282,UNIONBANK,Mar 2019,34314,19019,-8601,-25,5042,23896,374,-3933,-25,-2922,-17,0
1283,UNIONBANK,Mar 2020,37479,21166,-9523,-25,5789,25837,417,-4151,-27,-3121,-9,0
1284,UNIONBANK,Mar 2021,69311,36270,-11071,-16,14307,44112,908,2327,-22,2863,4,0
1285,UNIONBANK,Mar 2022,68230,32264,-4213,-6,13524,40178,745,8566,39,5265,8,25
1286,UNIONBANK,Mar 2023,81163,36155,-3024,-4,15915,48033,745,12147,31,8512,12,24
1287,UNIONBANK,Mar 2024,100376,32422,4590,5,17813,63364,895,21508,36,13797,18,20
1288,UNIONBANK,TTM,107058,35514,2090,2,20440,69454,0,22530,,16344,21,
1289,UNITDSPR,Mar 2013,10378,9287,1091,11,146,985,178,73,99,-105,-2,-31
1290,UNITDSPR,Mar 2014,10508,13876,-3368,-32,681,1323,203,-4213,7,-4489,-62,0
1291,UNITDSPR,Mar 2015,9254,9619,-366,-4,-360,687,223,-1635,3,-1687,-23,0
1292,UNITDSPR,Mar 2016,8495,8162,333,4,648,457,157,366,61,143,2,0
1293,UNITDSPR,Mar 2017,8818,7826,991,11,-265,375,189,163,43,93,1,0
1294,UNITDSPR,Mar 2018,8591,7381,1209,14,172,278,192,912,28,652,9,0
1295,UNITDSPR,Mar 2019,9341,7947,1394,15,70,237,215,1012,32,684,10,0
1296,UNITDSPR,Mar 2020,9325,7756,1569,17,89,212,285,1160,47,621,9,0
1297,UNITDSPR,Mar 2021,8131,7080,1051,13,-25,188,299,540,33,362,5,0
1298,UNITDSPR,Mar 2022,9712,8117,1595,16,-117,88,304,1087,25,811,11,0
1299,UNITDSPR,Mar 2023,10612,9195,1417,13,249,104,283,1279,12,1126,16,0
1300,UNITDSPR,Mar 2024,11321,9321,2000,18,208,76,275,1857,24,1408,19,46
1301,UNITDSPR,TTM,11821,9710,2111,18,176,96,286,1905,,1402,19,
1302,VBL,Dec 2012,1800,1572,228,13,44,116,136,21,-20,25,2,0
1303,VBL,Dec 2013,2115,1824,291,14,19,171,184,-46,-11,-40,0,0
1304,VBL,Dec 2014,2502,2116,387,15,14,187,210,4,99,-20,0,0
1305,VBL,Dec 2015,3394,2752,642,19,36,170,317,191,41,113,1,0
1306,VBL,Dec 2016,3861,3052,810,21,27,435,322,79,39,48,0,0
1307,VBL,Dec 2017,4004,3165,838,21,14,215,347,291,26,214,1,22
1308,VBL,Dec 2018,5105,4069,1036,20,6,223,385,434,31,300,1,16
1309,VBL,Dec 2019,7130,5667,1462,21,47,324,489,696,32,472,1,15
1310,VBL,Dec 2020,6450,5235,1215,19,-30,294,529,363,1,357,1,22
1311,VBL,Dec 2021,8823,7129,1694,19,51,207,531,1007,26,746,2,16
1312,VBL,Dec 2022,13173,10310,2863,22,-18,204,617,2024,23,1550,5,15
1313,VBL,Dec 2023,16043,12326,3717,23,-5,292,681,2739,23,2102,6,16
1314,VBL,TTM,18987,14438,4549,24,86,415,853,3367,,2582,8,
1315,VEDL,Mar 2013,2749,2283,465,17,33,475,197,-174,-25,2280,26,0
1316,VEDL,Mar 2014,66152,46557,19595,30,1874,5094,6882,9493,-9,11421,21,15
1317,VEDL,Mar 2015,73710,51595,22114,30,-19222,5659,7159,-9925,15,-11369,-53,-8
1318,VEDL,Mar 2016,64262,82741,-18479,-29,4290,5778,8572,-28540,-37,-17862,-41,-8
1319,VEDL,Mar 2017,72225,50849,21376,30,4423,5855,6292,13652,17,11316,23,83
1320,VEDL,Mar 2018,91866,66989,24877,27,6087,5112,6283,19569,30,13692,28,76
1321,VEDL,Mar 2019,92048,68877,23171,25,4270,5689,8192,13560,28,9698,19,99
1322,VEDL,Mar 2020,84447,63704,20743,25,-14932,4977,9093,-8259,-43,-4744,-18,-22
1323,VEDL,Mar 2021,88021,60703,27318,31,2743,5210,7638,17213,13,15032,31,30
1324,VEDL,Mar 2022,132732,87908,44824,34,1832,4797,8895,32964,28,23710,51,89
1325,VEDL,Mar 2023,147308,112877,34431,23,2625,6225,10555,20276,28,14503,28,357
1326,VEDL,Mar 2024,143727,108415,35312,25,5239,9465,10723,20363,63,7539,11,259
1327,VEDL,TTM,144448,107376,37072,26,5266,9721,10958,21659,,15841,30,
1328,WIPRO,Mar 2013,37430,29773,7657,20,1440,289,940,7869,21,6182,5,28
1329,WIPRO,Mar 2014,43424,33788,9635,22,1922,383,1060,10114,21,7991,6,25
1330,WIPRO,Mar 2015,46951,36652,10299,22,2450,350,1175,11224,22,8714,7,34
1331,WIPRO,Mar 2016,51244,40448,10796,21,2752,558,1496,11494,22,8957,7,17
1332,WIPRO,Mar 2017,55448,44128,11321,20,2623,594,2310,11039,23,8518,7,6
1333,WIPRO,Mar 2018,54487,44100,10387,19,2550,583,2112,10242,22,8003,7,6
1334,WIPRO,Mar 2019,59019,47406,11613,20,2614,738,1947,11542,22,9018,7,7
1335,WIPRO,Mar 2020,61138,48795,12342,20,2728,733,2086,12252,20,9772,9,6
1336,WIPRO,Mar 2021,61935,47164,14771,24,2404,509,2763,13903,22,10868,10,5
1337,WIPRO,Mar 2022,79312,62628,16684,21,2067,532,3078,15141,19,12243,11,27
1338,WIPRO,Mar 2023,90488,73649,16839,19,2275,1008,3340,14766,23,11366,10,5
1339,WIPRO,Mar 2024,89760,73008,16752,19,2631,1255,3407,14721,25,11112,11,5
1340,WIPRO,TTM,88792,71019,17773,20,3349,1431,3077,16615,,12488,12,
1341,ZOMATO,Mar 2018,466,558,-92,-20,21,6,29,-107,0,-107,-3070,0
1342,ZOMATO,Mar 2019,1313,3556,-2243,-171,1285,9,43,-1010,0,-1010,-28574,0
1343,ZOMATO,Mar 2020,2605,4909,-2305,-88,16,13,84,-2386,0,-2386,-70097,0
1344,ZOMATO,Mar 2021,1994,2461,-467,-23,-200,10,138,-815,0,-816,-23124,0
1345,ZOMATO,Mar 2022,4192,6043,-1851,-44,793,12,150,-1220,0,-1222,-2,0
1346,ZOMATO,Mar 2023,7079,8290,-1211,-17,682,49,437,-1015,-4,-971,-1,0
1347,ZOMATO,Mar 2024,12114,12071,43,0,846,72,526,291,-21,351,0,0
1348,ZOMATO,TTM,17972,17321,651,4,944,118,716,761,,663,1,
1349,ZYDUSLIFE,Mar 2013,6358,5228,1130,18,32,169,185,809,15,690,6,24
1350,ZYDUSLIFE,Mar 2014,7224,6021,1203,17,30,90,201,942,11,836,8,23
1351,ZYDUSLIFE,Mar 2015,8651,6896,1756,20,45,68,287,1446,18,1188,11,21
1352,ZYDUSLIFE,Mar 2016,9427,7095,2332,25,112,53,292,2099,8,1964,19,17
1353,ZYDUSLIFE,Mar 2017,9376,7474,1902,20,127,45,373,1612,8,1517,15,22
1354,ZYDUSLIFE,Mar 2018,11905,9074,2831,24,111,91,539,2312,24,1810,17,20
1355,ZYDUSLIFE,Mar 2019,13166,10174,2991,23,183,194,599,2382,22,1899,18,19
1356,ZYDUSLIFE,Mar 2020,14253,11455,2798,20,-264,342,696,1495,21,1204,11,30
1357,ZYDUSLIFE,Mar 2021,14404,11013,3391,24,-231,159,670,2331,8,2185,21,17
1358,ZYDUSLIFE,Mar 2022,15110,11768,3342,22,2581,127,713,5084,10,4618,44,6
1359,ZYDUSLIFE,Mar 2023,17237,13378,3860,22,-422,130,723,2585,23,2092,19,31
1360,ZYDUSLIFE,Mar 2024,19547,14163,5384,28,293,81,764,4832,20,3973,38,8
1361,ZYDUSLIFE,TTM,21484,15205,6278,29,351,112,849,5668,,4439,43,
1362,INDIGO,Mar 2013,9203,73,8348,855,9,296,86,993,21,787,25647,70
1363,INDIGO,Mar 2014,11117,123,10684,433,4,391,226,475,0,474,15454,80
1364,INDIGO,Mar 2015,13925,150,12022,1904,14,395,302,1847,29,1304,42481,83
1365,INDIGO,Mar 2016,16140,350,12976,3164,20,515,505,2824,30,1986,55,27
1366,INDIGO,Mar 2017,18580,406,16362,2219,12,789,457,2144,23,1659,46,74
1367,INDIGO,Mar 2018,23021,413,19991,3030,13,947,437,3127,28,2242,58,10
1368,INDIGO,Mar 2019,28497,563,28648,-151,-1,1325,760,-149,-99,156,4,123
1369,INDIGO,Mar 2020,35756,1902,31687,4069,11,1531,3974,-275,-10,-248,-6,0
1370,INDIGO,Mar 2021,14641,2170,14638,2,0,1036,4699,-5830,0,-6171,-151,0
1371,INDIGO,Mar 2022,25931,2386,25373,558,2,725,5068,-6171,0,-317,-160,0
1372,INDIGO,Mar 2023,54446,3168,47926,6521,12,1431,5101,-317,0,-317,-8,0
1373,INDIGO,Mar 2024,68904,4805,52573,16331,24,2326,6406,8043,-2,8167,212,0
1374,INDIGO,TTM,76476,0,60568,15908,21,3034,7955,6182,,6074,157,
